Datetime,Tweet_ID,Content,Username,User_Location,Retweets,Likes
2021-10-25 09:42:00+00:00,1452571134751387648,@Mwihakiii @Wairimuwraps The #PataChanjoKe hashtag is always a great place to start.,RastaAdvocate,Kenya,0,1
2021-10-25 09:38:48+00:00,1452570329461796865,"We need to strengthen and strictly adhere to #COVID19 preventive measures such as #PhysicalDistancing, wearing masks, washing hands, getting vaccinated, staying in well-ventilated rooms, and avoiding crowds to stay safe. #AngamizaCorona #PataChanjoKe @MOH_Kenya @YEDNetworkKe https://t.co/0lmiIGBilO",Amref_Kenya,Kenya,3,6
2021-10-25 09:09:37+00:00,1452562986539827203,#PataChanjoKE ğŸ’‰ğŸ’ªğŸ¾ https://t.co/HVSYM8aiFI,dosima_org,still disgusted (Matt Hancock),0,0
2021-10-25 08:33:38+00:00,1452553930592899074,"That's one big load off my back...one last trip to the side effects city

Are you vaccinated?
#PataChanjoKE https://t.co/87OwffHk3e",marvin_chege10,"Nairobi, Kenya",0,4
2021-10-25 05:42:04+00:00,1452510754729562113,#PataChanjoKe ğŸ’‰ğŸ’ªğŸ¾â˜” https://t.co/d02Z8aSYnz,dosima_org,still disgusted (Matt Hancock),3,5
2021-10-24 05:18:11+00:00,1452142353783926786,#PataChanjoKE ğŸ‘‡ğŸ¾ğŸ’‰ğŸ’ªğŸ¾ https://t.co/PVBLnplkcp,covid_kenya,"Nairobi, Kenya",1,0
2021-10-23 20:31:51+00:00,1452009898041040900,#PataChanjoKE ğŸ‘‡ğŸ¾ https://t.co/4k3DySq2oD,covid_kenya,"Nairobi, Kenya",1,2
2021-10-23 18:15:15+00:00,1451975523115184130,#PataChanjoKe https://t.co/v2M9JsFGn3,wa_mutegi,"Nairobi, Kenya",0,1
2021-10-23 10:13:22+00:00,1451854252276649986,Seems my choice to delay my second dose is being validated. Am ready now for #PataChanjoKe 2nd shot. https://t.co/TldBUxrYQD,Asaphjay,East Africa ,0,0
2021-10-23 08:29:34+00:00,1451828129647972354,"COVID 19 VACCINATION UPDATE
Available Vaccines:
1. #Moderna Vaccine
2. #AstraZeneca Vaccine
Book your appointment via https://t.co/XupVMk8GLV

#patachanjoke https://t.co/Dg6agw0GmD",thenairobihosp,"Nairobi, Kenya",14,13
2021-10-23 05:24:31+00:00,1451781560391376898,#PataChanjoKe https://t.co/iQ3iinORk8,_ngwata, ğŸ‡°ğŸ‡ª,13,1
2021-10-22 19:35:29+00:00,1451633326473809924,@murayabrian @BaronGreen_Back Check the hashtag #PataChanjoKe,PeterNyabuto,,0,1
2021-10-21 06:07:46+00:00,1451067668031807489,"as you recover from #MashujaaDay celebrations, do remember that - even though the hated lockdown is over, COVID is not
 
#PataChanjoKe
+ stay masked
+ stay distanced
+ stay safe https://t.co/1vA9bsvehe",dosima_org,still disgusted (Matt Hancock),1,1
2021-10-21 05:19:07+00:00,1451055425059758085,#PataChanjoKE ğŸ‘‡ğŸ¾ https://t.co/9jslpMKrhb,dosima_org,still disgusted (Matt Hancock),0,1
2021-10-20 11:51:08+00:00,1450791693251403778,#PataChanjoKe https://t.co/ifjS8vsnyU,jumafaulu,Behind the scenes,0,1
2021-10-20 09:06:24+00:00,1450750234624241665,#PataChanjoKe https://t.co/XtX6e5NWl6,jumafaulu,Behind the scenes,0,2
2021-10-20 07:26:10+00:00,1450725012911136768,@covid_kenya @gathara @Onjerika @sic_tangent @CKyobutungi @BakeKenya @EstherKazungu @drthuranira @BarazaLab @GSNAfrica @mougendi #PataChanjoKe,worth8797,,0,1
2021-10-20 07:18:29+00:00,1450723075918606339,#PataChanjoKe Get your moderna second dose and astrazeneca first and second dose at Kahawa Sukari Shopping Center,worth8797,,0,0
2021-10-20 06:40:35+00:00,1450713539338022912,Where can I get AZ second dose in either Kiambu or Githunguri #PataChanjoKe cc @covid_kenya @_ngwata,jumafaulu,Behind the scenes,0,0
2021-10-20 05:35:14+00:00,1450697094906486786,#PataChanjoKe https://t.co/zYIhffY5CG,KRabera,Nairobi,0,2
2021-10-20 04:48:47+00:00,1450685403380469763,@covid_kenya @gathara @sic_tangent @CKyobutungi @BakeKenya @EstherKazungu @drthuranira @BarazaLab @GSNAfrica @mougendi #PataChanjoKe Amkeni Wakenya. Time to become a shujaa. https://t.co/EHWgQEjQEv,Onjerika,nairobi,13,8
2021-10-19 18:58:59+00:00,1450536976822714372,"COVID 19 VACCINATION UPDATE
Available Vaccines:
1. #Moderna Vaccine
2. #Pfizer Vaccine
3. #AstraZeneca Vaccine

Book your appointment via https://t.co/XupVMk8GLV
 
#PataChanjoKe https://t.co/ZoISrc2f1v",thenairobihosp,"Nairobi, Kenya",1,7
2021-10-19 15:31:21+00:00,1450484722954555392,"Get yourself and your loved one jabbed tomorrow 
#GetVaxxed 
#VaccinesWork
#VaccineEquity
#VaccinEquity
#MashujaaDay 
#PataChanjoKe 
@MOH_Kenya https://t.co/buNsA9vUxY",CKyobutungi,,2,1
2021-10-19 14:46:18+00:00,1450473384568033290,"the #PataChanjoKaaChonjo is completely swamped by the MoH's blogger network with useless generic messages, but no practical details whatsover

if you find more details of actual vaccination outreach tomorrow, please post them with #PataChanjoKE - ideally below on this thread",covid_kenya,"Nairobi, Kenya",0,2
2021-10-19 14:43:01+00:00,1450472559330332673,"I've just heard there will be a major vaccination drive tomorrow across Kenya, targeting 580,000 doses on #MashujaaDay
 
I haven't seen any MoH publicity for this as yet ğŸ™„ but if you can help others get vaccinated over the holiday, please do try to do so
 
#PataChanjoKE ğŸ’ªğŸ¾ğŸ’‰ https://t.co/SCLBFoVup6",covid_kenya,"Nairobi, Kenya",31,34
2021-10-19 12:15:59+00:00,1450435558023385088,#PataChanjoKe https://t.co/onMw18uH44,_ngwata, ğŸ‡°ğŸ‡ª,3,1
2021-10-19 07:07:51+00:00,1450358014544949251,"Does anyone know which hospitals are still issuing the J&amp;J vaccine?
 #PataChanjoKe",PreetieJules,"Nairobi, Kenya ğŸ‡°ğŸ‡ª",0,0
2021-10-18 15:04:08+00:00,1450115484532228101,"vaccines work 
 
you can gamble with your life on the basis of idiots spreading rumours for clicks -
 
or look at the clear and overwhelming numbers, and then choose to protect yourself and your loved ones
 
#PataChanjoKE ğŸ‘ğŸ¾ğŸ’‰ https://t.co/AEoI1scl3F",covid_kenya,"Nairobi, Kenya",0,0
2021-10-18 09:24:25+00:00,1450029995456442374,#PataChanjoKe https://t.co/NV6btWLdUH,wa_mutegi,"Nairobi, Kenya",0,1
2021-10-18 06:33:18+00:00,1449986932512014336,"Visit your nearest MOH approved covid-19 vaccination centre to get vaccinated.
If you are vaccinated ensure you are fully vaccinated by taking all the doses required by that vaccine.

Inform your friends and families on the same!!!
#PataChanjoKe #PataChanjoKaaChonjo https://t.co/kHO0pjTX2F",WAYAAP_,"Isiolo, Kenya ",0,4
2021-10-17 10:19:02+00:00,1449681350416535554,#PataChanjoKe https://t.co/qoFFYHQvrs,wa_mutegi,"Nairobi, Kenya",0,1
2021-10-17 09:01:46+00:00,1449661907414274054,"@MsMukabi That's strange, took my second shot there earlier in the week, just a few walk ins. Try Guru Nanak. Also check #PataChanjoKe",FrankDeya,En route,0,0
2021-10-16 16:51:38+00:00,1449417762342936582,"I went to Jamaa Hospital for people who live near Uhuru &amp; Buruburu. They are there Monday, Wednesday and Fridays from 7.30-10.00 a.m.
Very fast, professional and helpful. #PataChanjoKaaChonjo #PataChanjoKe",kamauaw,,0,1
2021-10-16 08:37:35+00:00,1449293431130439681,"and also at these locations

#PataChanjoKe ğŸ’‰ğŸ’ªğŸ¾

thanks to @_ngwata as always ğŸ™ŒğŸ¾

https://t.co/XzqN0tTWQq",covid_kenya,"Nairobi, Kenya",1,1
2021-10-16 08:34:31+00:00,1449292658535510020,"#PataChanjoKe ğŸ‘‡ğŸ¾ğŸ’‰ğŸ’ªğŸ¾

https://t.co/hzTYaBpFnr",covid_kenya,"Nairobi, Kenya",0,0
2021-10-16 08:06:06+00:00,1449285508908130310,"More vaccination outreach centres this weekend around Nairobi.

(Credit where it's due - CITAM Church Thika Road has been really consist).
#PataChanjoKe https://t.co/AbeA4AunbZ",_ngwata, ğŸ‡°ğŸ‡ª,9,5
2021-10-16 07:59:14+00:00,1449283780926128128,"who could you take with you?

Ridgeways Nairobi

#PataChanjoKe
ğŸ¤œğŸ¾ğŸ¤›ğŸ¾
@probably_huuman

https://t.co/9AUh5ZDo1y",covid_kenya,"Nairobi, Kenya",0,3
2021-10-16 07:38:48+00:00,1449278638663340033,"There are vaccination outreach activities happening this weekend in churches, markets, open grounds around Nairobi. 
#PataChanjoKe https://t.co/qh5jRKRsdR",_ngwata, ğŸ‡°ğŸ‡ª,2,2
2021-10-16 07:21:20+00:00,1449274245368983553,"Some of the covid-19 vaccination outreach activities within Nairobi this weekend.

Kindly reshare.
#PataChanjoKe https://t.co/kgiuWv24Hf",_ngwata, ğŸ‡°ğŸ‡ª,26,8
2021-10-16 05:10:42+00:00,1449241370368090112,"any tips on where Kenyans can join the vaccine party this weekend?
 
please add them in the thread below
 
#PataChanjoKe âœŠğŸ¾ğŸ’‰ğŸ’ªğŸ¾ğŸ’ƒğŸ¾ https://t.co/U3vRdMwx1A",covid_kenya,"Nairobi, Kenya",2,7
2021-10-15 17:51:45+00:00,1449070505588412424,Booking for Covid 19 vaccine zhots open for a couple of slots. First and second doses for 3 types. #PataChanjoKe https://t.co/h7mwtJg1Iu,iamStellaNgugi,"Nairobi, Kenya",0,1
2021-10-15 07:46:19+00:00,1448918144593154071,anyone know where the moderna jab (2nd dose) is being offered this weekend - particularly on sunday? #PataChanjoKe,yesiamav,"Nairobi, Kenya",2,2
2021-10-13 10:40:22+00:00,1448237170045505537,"where can someone get the first dose of the vaccine along thika road? 

#patachanjokaachonjo 
#patachanjoke #KenyanTraffic Via @mukamispeaks",KenyanTraffic,Nairobi,1,0
2021-10-13 09:58:18+00:00,1448226582821281800,"Where can someone get the first dose of the vaccine along Thika Road? 

#PataChanjoKaaChonjo 
#PataChanjoKE",mukamispeaks,Nairobi,2,1
2021-10-13 07:32:39+00:00,1448189927053725699,#PataChanjoKE https://t.co/18famcIbtR,njihiakelvin,Starehe Constituency,0,0
2021-10-13 07:19:19+00:00,1448186573351231488,"#PataChanjoKE âœŠğŸ¾ğŸ’‰ğŸ’ªğŸ¾

happy to hear you found it https://t.co/1LUYGkLxz2",covid_kenya,"Nairobi, Kenya",1,0
2021-10-13 05:33:56+00:00,1448160052137897985,#PataChanjoKE https://t.co/UNess43ZQG,wa_mutegi,"Nairobi, Kenya",0,0
2021-10-13 05:24:58+00:00,1448157794876760069,#PataChanjoKe https://t.co/GM16jNCJok,_ngwata, ğŸ‡°ğŸ‡ª,1,0
2021-10-13 05:09:26+00:00,1448153884460036097,"KNH has added Pfizer-BioNTech vaccine to its pool of COVID-19 vaccines (Moderna and Astrazeneca) offered at KNH Helipad grounds, Monday to Friday (8.00am to 1.00pm); first and second doses. #PataChanjoKe",dnkariuki,Nairobi,0,1
2021-10-12 14:55:57+00:00,1447939098036117524,@Katanuh_ KNH at the helipad. Also go through #PataChanjoKe tag.,_ngwata, ğŸ‡°ğŸ‡ª,0,1
2021-10-12 04:55:49+00:00,1447788071559307265,"Pfizer is finally being administered @KNH_hospital

#PataChanjoKe https://t.co/i2uOf5FwjQ",GuleidAmina,Kenya,7,13
2021-10-09 20:34:32+00:00,1446937144841363457,"I am a MODERNA.. vijana tujiseti ki dose.
#PataChanjoKe 
#CovidVaccine https://t.co/3WdCW1CHvn",Reuh31935740,,0,0
2021-10-08 09:19:25+00:00,1446404856974020609,#PataChanjoKe https://t.co/grfjv5Zdda,laureezyf,Afrique de l'Est,1,0
2021-10-08 08:05:58+00:00,1446386374605746182,Malindi General process took me less than 15mins after I filled all my details online. Better late than neverâ€¦ #PataChanjoKe https://t.co/wrejPHVfb4,RamzZy_,"Malindi, Kenya",2,6
2021-10-08 06:50:59+00:00,1446367500598456354,"Where can one get a vaccine in Nairobi town?!
#PataChanjoKe",KW_Vio,,0,0
2021-10-07 11:28:51+00:00,1446075042153091073,Interesting concept #PataChanjoKe https://t.co/xiprAOV8EW,_ngwata, ğŸ‡°ğŸ‡ª,0,1
2021-10-07 10:01:55+00:00,1446053165355388928,#GetVaccinated #PataChanjoKe https://t.co/JU2YIyT9C6,Amref_Kenya,Kenya,2,1
2021-10-07 09:58:54+00:00,1446052405582471168,#PataChanjoKe #PataChanjokaaChonjo https://t.co/eT3BCnxt1s,AmrefMedical,Nairobi Kenya ,0,0
2021-10-07 06:17:51+00:00,1445996776352358402,#PataChanjoKe https://t.co/KGDuY2J5PG,wa_mutegi,"Nairobi, Kenya",0,0
2021-10-07 05:11:29+00:00,1445980075174907906,#PataChanjoKe #PataChanjoKaaChonjo by @TransportKE @ntsa_kenya @UNICEFKenya @MOH_Kenya @WHOKenya @NPSOfficial_KE @KenyanTraffic https://t.co/80jPq1Ma1g,ThikaRoadke,"Nairobi, Kenya",0,1
2021-10-06 18:24:20+00:00,1445817212611305474,"#PataChanjoTuimarisheUsafiri #PataChanjoKaaChonjo
#PataChanjoKe https://t.co/TfgAFMPpO7",transport_ke,"Nairobi-Upperhill, Transcom Hs",0,1
2021-10-06 17:03:52+00:00,1445796963459403777,#PataChanjoKe https://t.co/W5kjsS2e4Q,kenyancyborg,curfew and lockdown,0,0
2021-10-06 15:07:41+00:00,1445767725096194064,#PataChanjoKe https://t.co/ELbzJNZ5Yu,chamadui,,0,0
2021-10-06 14:52:02+00:00,1445763788674715667,#PataChanjoKe https://t.co/NEPOGLX8Gd,sarahkimani,Kenya,1,2
2021-10-06 13:02:39+00:00,1445736260547530755,"Kenya Vaccination update! 
#PataChanjoKE https://t.co/qXJsFwPvo6",OliverMathenge,"Nairobi, Kenya",3,7
2021-10-06 12:06:24+00:00,1445722105081843716,Available at my church. Tell a friend. In and out in less than 5min #PataChanjoKe https://t.co/q2rDlJdQpy,iamnjogu,Men are from Mars,26,12
2021-10-06 11:35:11+00:00,1445714246478675980,Anyone knows where we have Johnson's Vaccine being administered today? #PataChanjoKe,Stan_Subru,Kenya,0,0
2021-10-06 10:12:25+00:00,1445693418709995523,"last one for now - 
  
we might use these for some storytelling
 
let use know what you think...
  
#PataChanjoKaaChonjo ğŸ’ªğŸ¾ğŸ’‰ #PataChanjoKE https://t.co/5QSHZA3mix",covid_kenya,"Nairobi, Kenya",1,3
2021-10-06 10:08:04+00:00,1445692326018371586,"@DanteeTora It would depend where you are - and the details are a little obscure at the moment, there simply isn't a central place to look for up-to-date info on which hospitals have which doses
 
check out #PataChanjoKE  and #patachanjokaachonjo 
 
(I wish I had a better answer tbh ğŸ˜£)",covid_kenya,"Nairobi, Kenya",0,1
2021-10-06 08:52:29+00:00,1445673302907707403,A friend of mine is asking where he can get  vaccinated any info will be appreciated #PataChanjoKe #kuashujaapatachanjo,ItumbiDavid,Nairobi,0,1
2021-10-06 08:51:21+00:00,1445673016327766022,A friend of mine is asking where he can get  vaccinated any info will be appreciated #PataChanjoKe #patachanjokuwashujaa,ItumbiDavid,Nairobi,0,0
2021-10-06 08:35:07+00:00,1445668933881647107,#PataChanjoKe at Avenue Hospital Moderna 2nd Dose available this week. https://t.co/rNOVqOgKrR,UnchartedKenya,Africa,2,3
2021-10-06 07:32:52+00:00,1445653269208993797,Does anyone know where pfizer vaccine is being administered? #PataChanjoKe,ndung_irene,,0,0
2021-10-06 06:03:53+00:00,1445630875769524235,"we are not safe until we are all safe

#PataChanjoKE ğŸ’ªğŸ¾ğŸ’‰ https://t.co/eytuNKh3Dj",covid_kenya,"Nairobi, Kenya",3,5
2021-10-05 14:39:37+00:00,1445398273506914314,"vaccination will protect Kenya
 
why we #PataChanjoKE ğŸ’ªğŸ¾ğŸ’‰ https://t.co/rr2zcS7rkN",covid_kenya,"Nairobi, Kenya",2,3
2021-10-05 12:09:52+00:00,1445360586976604165,"#PataChanjoKe 
#PataChanjoTufungueNchi https://t.co/SiPCScwCgn",rayklanderman,,0,1
2021-10-05 11:16:15+00:00,1445347093871087619,who knows where i can get the 2nd dose of moderna along thika rd? does someone have to go to the hospital specified in the moh message? #patachanjoke #KenyanTraffic Via @WambuiC_Irungu,KenyanTraffic,Nairobi,0,2
2021-10-05 10:35:18+00:00,1445336788592123915,13:35 Who knows where I can get the 2nd dose of Moderna along Thika Rd? Does someone have to go to the hospital specified in the MOH message? #PataChanjoKe via @WambuiC_Irungu,Ma3Route,Kenya,1,1
2021-10-05 10:34:03+00:00,1445336475718017024,Who knows where I can get the 2nd dose of Moderna along Thika Rd? Does someone have to go to the hospital specified in the MOH message? #PataChanjoKe,WambuiC_Irungu,In My Head,0,0
2021-10-05 09:15:24+00:00,1445316681413373953,They're very fast no lines #PataChanjoKe https://t.co/RfbZWWjqm6,A7kent,My Lane,8,0
2021-10-05 07:29:16+00:00,1445289974925074432,#PataChanjoKe https://t.co/zdt0JrC69u,majau_k,"Nairobi, Kenya",1,0
2021-10-05 07:22:46+00:00,1445288338634706944,#PataChanjoKE ğŸ’ªğŸ¾ğŸ’‰ this weekend in Karen https://t.co/XEfWYMTqxV,covid_kenya,"Nairobi, Kenya",3,1
2021-10-04 10:27:31+00:00,1444972444285087749,"Anyone at are of a centre offering the second dose of Moderna tomorrow? 
#PataChanjoKe",wachmaina,Kenya,0,0
2021-10-04 08:55:38+00:00,1444949319572934658,"@DrAhmedKalebi @Mwirigi The largely donations dependant #PataChanjoKe is effectively carried out between 9am - 3pm (subject to availability of syringes ğŸ¤¦ğŸ¿â€â™‚ï¸)

The PPP funded #nairobiexpressway works are uninterruptedly done between 10pm - 4am 

How you interpret this information is  up to you

#Curfew https://t.co/f0lMOoo5f3",safariwithselle,"Nairobi, Kenya",1,1
2021-10-04 07:57:13+00:00,1444934617274925058,Anyone knows where I can get the Janssen (Johnson &amp; Johnson) vaccine either today or tomorrow? #PataChanjoKe,mwetich__,Oddlands.,2,1
2021-10-04 06:27:57+00:00,1444912156558905348,Does anyone knows where one can get the J&amp;J vaccine in Mombasa?  #PataChanjoKe,ber__ia,"Nairobi, Kenya",0,0
2021-10-04 05:35:05+00:00,1444898849039036416,Vaccines help you to keep safe and protected. #GetVaccinated today. Show your community and the world that you care. #PataChanjoKe @MOH_Kenya https://t.co/9Yxd1H2lCF,AmrefMedical,Nairobi Kenya ,5,4
2021-10-02 10:49:29+00:00,1444253195195269120,"#PataChanjoKE

https://t.co/ojotrTxw2s",covid_kenya,"Nairobi, Kenya",0,0
2021-10-02 09:40:50+00:00,1444235920593596417,#PataChanjoKe https://t.co/NNgb1NnRne,vinimacharia,Kenya,0,5
2021-10-02 08:12:50+00:00,1444213773095604225,"@covid_kenya
 #PataChanjoKe https://t.co/0zHozIp1ny",_ngwata, ğŸ‡°ğŸ‡ª,0,2
2021-10-02 07:16:37+00:00,1444199626442215429,"the infodemic is killing people too
 
get your weekly booster dose of protection against misinformation
 
#PataChanjoKE https://t.co/BZuxIEmtwE",covid_kenya,"Nairobi, Kenya",0,0
2021-10-02 06:35:37+00:00,1444189308378918916,My Nyeri peoples @HealthNyeri has availed covid-19 vaccines in all these centres. #PataChanjoKe https://t.co/UCdtdxCgwR,_ngwata, ğŸ‡°ğŸ‡ª,36,16
2021-10-02 06:31:01+00:00,1444188148792270849,Vaccination outreach activities this weekend #PataChanjoKe https://t.co/KXfPeTNG5h,_ngwata, ğŸ‡°ğŸ‡ª,33,14
2021-10-02 05:44:19+00:00,1444176399963676672,"Umoja

#PataChanjoKE

https://t.co/ETcLOModbW",covid_kenya,"Nairobi, Kenya",0,0
2021-10-02 05:42:16+00:00,1444175882172735490,"#PataChanjoKE

this weekend and next 
- make a planâ€¦ and go!

HT @crackedjino
https://t.co/pZVoFQd9IL",covid_kenya,"Nairobi, Kenya",0,0
2021-10-02 05:40:08+00:00,1444175346472038400,"I'm not seeing many vaccine drives this weekend - if you know of any, please add them to this thread

#PataChanjoKaaChonjo
#PataChanjoKE
ğŸ‘‡ğŸ¾ https://t.co/IjGhtXEgAs",covid_kenya,"Nairobi, Kenya",2,1
2021-10-01 09:05:05+00:00,1443864534901567488,"Government Spokesman Cyrus Oguna lauds the media for complementing government efforts in containing the spread of Covid-19.

#kenya #KwaniNiKesho #octoberwish #COVID19 #coronavirus #PataChanjoKe #PataChanjoKaaChonjo #media #healthcare #Health #HealthyFood 
https://t.co/gx7KhKsoLO",radio_punchline,,1,5
2021-10-01 05:43:25+00:00,1443813783592448017,Is Pfizer vaccine being given out or are we waiting for the syringes? #PataChanjoKe https://t.co/fkL78XPZ50,MisterAlbie,"Washington, DC",1,1
2021-10-01 04:38:00+00:00,1443797322253623296,"@sarahkimani 1.7% fully vaxxed. 
#PataChanjoKe https://t.co/iQLxLCXpQd",AjSadique,"Nairobi, Kenya",0,0
2021-10-01 04:34:15+00:00,1443796376249413639,"these vaccines are very safe
 
if you have any vulnerable elderly relatives, make sure they are protected - and get a jab yourself so you don't get them sick

#PataChanjoKE ğŸ’ªğŸ¾ğŸ’‰ https://t.co/cAZNW5zCA0",covid_kenya,"Nairobi, Kenya",0,0
2021-10-01 04:03:28+00:00,1443788628870766592,"#HappyNewMonth 
#Ngapewa
#PataChanjoKe 
#FridayVibes 
#COVID19Vaccination
@MOH_Kenya @WHOKenya https://t.co/8utT4Dyn1k",CsMuia,+254 | Nairobi | Magical ğŸ‡°ğŸ‡ª,0,0
2021-10-01 02:01:09+00:00,1443757846752071685,Too low. #PataChanjoKe https://t.co/zRrP8SE6X8,sarahkimani,Kenya,0,0
2021-09-30 13:16:35+00:00,1443565439427219456,@MOH_Kenya #PataChanjoKe,CsMuia,+254 | Nairobi | Magical ğŸ‡°ğŸ‡ª,0,1
2021-09-30 13:13:59+00:00,1443564785220603905,@KBCChannel1 #PataChanjoKe https://t.co/NrU1BIPCdj,CsMuia,+254 | Nairobi | Magical ğŸ‡°ğŸ‡ª,0,0
2021-09-30 11:06:26+00:00,1443532686094651406,Those who were asking for 2nd dose Moderna. I've received mine today at KNH. There was no waiting time #PataChanjoKe,_wanjala_,,1,3
2021-09-30 06:19:40+00:00,1443460520334528512,"@MOH_Kenya #GetVaccinated for your sake&amp;those you love. #VaccinesSaveLives generally guarantee AGAINST hospitalization &amp; death! #COVID19 &amp; #DeltaVariant are REAL. Don't wait. Get your jab TODAY. The sooner you do, the sooner we all go back to NORMAL LIFE. #PataChanjoKaaChonjo #PataChanjoKe",In2TheSunshine2,New York,0,0
2021-09-30 06:15:42+00:00,1443459520768974855,@MOH_Kenya #PataChanjoKaaChonjo #PataChanjoKe Tafadhalini. ğŸ™ğŸ™,In2TheSunshine2,New York,0,0
2021-09-30 04:06:20+00:00,1443426964837175298,"First vax in. ğŸ’ªğŸ¾

Oxford, AstraZeneca available at Aga Khan. No queues. 

#PataChanjoKe https://t.co/uM9Zp7hOdQ",of_njeri,Nairobi,6,6
2021-09-29 16:42:07+00:00,1443254774871252997,#PataChanjoKe https://t.co/YZkWlHXbS8,jumafaulu,Behind the scenes,0,0
2021-09-29 11:21:40+00:00,1443174131227365379,"#PataChanjoKe ğŸ’ªğŸ¾ğŸ’‰

some more evidence from Australia
same thing is happening worldwide https://t.co/JDjM4RwBz8",covid_kenya,"Nairobi, Kenya",0,1
2021-09-29 10:43:51+00:00,1443164614649421824,"Kenya government @MOH_Kenya aims to vaccinate 6M Kenyans by 20th October, be a hero #PataChanjoKE https://t.co/KzEwszxNF1",njihiakelvin,Starehe Constituency,1,1
2021-09-28 18:27:58+00:00,1442919025722343425,"The other virus we need to tackle in this country is one of sheer mediocrity. 

ğŸ˜¡ğŸ˜¡ğŸ˜¡

Chiloba ğŸš®

#PataChanjoKe https://t.co/geWtT60ocl",RobertKenO,"Nairobi, Kenya",0,4
2021-09-28 17:43:29+00:00,1442907831133347841,"@of_njeri Go through the #PataChanjoKe hashtag 
Iâ€™m sure youâ€™ll find multiple places &amp; locations",RastaAdvocate,Kenya,0,1
2021-09-28 15:42:10+00:00,1442877302719737865,"#PataChanjoKE ğŸ’‰ğŸ’ªğŸ¾

the science is solid ğŸ‘‡ğŸ¾ https://t.co/6h2PUSybKw",covid_kenya,"Nairobi, Kenya",0,0
2021-09-28 15:27:22+00:00,1442873577863266309,"@mwas_2 there isn't a good central place to find that info right now, and MoH may only start rolling out Moderna second doses soon, since the four week interval is only just coming up now

sorry I couldn't be more helpful, but keep an eye on the #PataChanjoKE hashtag this week",covid_kenya,"Nairobi, Kenya",0,0
2021-09-28 15:16:35+00:00,1442870863200587778,Does anyone knows where one can get Moderna second dose? @covid_kenya #PataChanjoKe,mwas_2,"Nairobi, Kenya",0,0
2021-09-28 14:43:12+00:00,1442862462693302277,#PataChanjoKe https://t.co/PvF4oI12ab,mwas_2,"Nairobi, Kenya",1,0
2021-09-28 11:38:44+00:00,1442816038379339784,"don't just pray ğŸ™ğŸ¾ğŸ™ŒğŸ¾
 
take a blessed vaccine
 
#PataChanjoKE ğŸ’ªğŸ¾ğŸ’‰
 
https://t.co/3q3bY1rcIT",covid_kenya,"Nairobi, Kenya",0,1
2021-09-27 17:06:38+00:00,1442536171540783107,I need a vaccination centre offering the second dose of Moderna vaccine. Any leads will be appreciated. Preferably this coming friday.#PataChanjoKe,wachmaina,Kenya,4,3
2021-09-27 13:50:25+00:00,1442486789223161857,#PataChanjoKe https://t.co/YporvgyxTW,wangenem,Kenya,1,2
2021-09-27 13:35:48+00:00,1442483111128825866,@_KamonjoMaina Follow #PataChanjoKe,MisterAlbie,"Washington, DC",0,2
2021-09-27 12:51:22+00:00,1442471928044863491,"I think one of the major reasons you find lines on vaccination centers is that people haven't registered first on MOH Kenya portal.  https://t.co/VVCYjDlXBy

 #PataChanjoKe",mwas_2,"Nairobi, Kenya",1,0
2021-09-27 11:21:01+00:00,1442449193616936960,"@KING__KALALA what is your excuseğŸ˜‚ğŸ˜‚ ama niwachane na maisha yako niendee vaccine ya covid kwanza kwanzağŸ˜…
#PataChanjoKe https://t.co/MkvE5oeN3D",mkenyamzii,"Nairobi, Kenya",0,0
2021-09-27 06:06:35+00:00,1442370062627704836,"J&amp;J vaccine available at EABL Tusker grounds, from 27 Sept-2 Oct. NO booking required. Please encourage family/friends/colleagues/neighbours to get vaccinated. #PataChanjoKe",AkinyiOkulo,"Nairobi,Kenya",311,242
2021-09-26 09:54:39+00:00,1442065067772547080,"There is no Biblical reason why you should not be vaccinated. Get your jab today and next weekend at Deliverance Church Umoja. 
#PataChanjoKe",mwas_2,"Nairobi, Kenya",0,0
2021-09-25 17:48:12+00:00,1441821856370098180,#PataChanjoKe https://t.co/HbKZCzRxHq,mwas_2,"Nairobi, Kenya",6,4
2021-09-25 14:00:20+00:00,1441764511049031685,"Thank you for being part of the @CitamKiambuRoad - KEMRI #COVID19 specialised medical Camp 

Approx. 255 people recieved the #Moderna Vaccine from the 320 who came, a great push towards the #PataChanjoKe campaign 

Asante to all our partners @MOH_Kenya &amp; @KiambuCountyGov https://t.co/l9UXEWy0rW",KEMRI_Kenya,"Nairobi, Kenya",3,21
2021-09-25 05:22:24+00:00,1441634167985483776,#PataChanjoKe https://t.co/LV61bPnE5X,techweez,Online,1,1
2021-09-25 04:37:05+00:00,1441622763622522881,Vile inafaa #PataChanjoKE https://t.co/SqloNnGfuF,mkenyamzii,"Nairobi, Kenya",0,1
2021-09-25 04:33:11+00:00,1441621781429719045,Go get vaccinated  #PataChanjoKe https://t.co/acPEkK7BHI,mkenyamzii,"Nairobi, Kenya",0,2
2021-09-24 19:43:54+00:00,1441488583324577793,#PataChanjoKe Kiambu road https://t.co/nlfKBoDaAI,mwas_2,"Nairobi, Kenya",1,1
2021-09-24 18:48:34+00:00,1441474659644579840,#PataChanjoKe ğŸ’ªğŸ¾ğŸ’‰ https://t.co/ALpiyVsglR,covid_kenya,"Nairobi, Kenya",0,2
2021-09-24 15:36:22+00:00,1441426291010400261,"Mombasa - There will be a vaccination drive this Saturday and Sunday at Mama Ngina Waterfront as it hosts the Mombasa Foodies Festival. 
Good stuff @ayishaabdii ğŸ‘

#PataChanjoKe https://t.co/VGgeBSDkPl",_ngwata, ğŸ‡°ğŸ‡ª,15,10
2021-09-24 15:08:37+00:00,1441419304532987907,"#PataChanjoKe @MOH_Kenya driven, #County led #COVID19Vaccine drive. Get vaccinated https://t.co/hFNd8k5XEt",emcleans,"Nairobi, Kenya",1,2
2021-09-24 15:07:37+00:00,1441419053185187850,"Waiyaki Way peeps, Amurt Dental Clinic at Mountain View have the vaccine daily #PataChanjoKe https://t.co/OR0ZLgLxWV https://t.co/sTe9B6SvYs",mainneli_,Hustle Hill Drive.,4,3
2021-09-24 15:04:58+00:00,1441418385925935114,"(Credit where its due) CITAM Churches in Nairobi have been consistent with their vaccination outreach activities.
This weekend â¬‡ï¸
#PataChanjoKe https://t.co/A7JHBGm6x9",_ngwata, ğŸ‡°ğŸ‡ª,28,57
2021-09-24 15:00:57+00:00,1441417377137242114,"Some of the covid-19 vaccination drives happening around Nairobi this Weekend (Saturday 25th and Sunday 26th).
Kindly share. #PataChanjoKe https://t.co/jaGSoDyMiY",_ngwata, ğŸ‡°ğŸ‡ª,57,51
2021-09-24 10:14:05+00:00,1441345183736479760,#PataChanjoKE https://t.co/o6GX6nRVdd,eainda,,0,1
2021-09-24 07:23:18+00:00,1441302206674657287,#PataChanjoKe https://t.co/zUjxIoGNuH,abumcogutua,"Loyangalani, Kenya",0,0
2021-09-24 07:15:17+00:00,1441300187952074754,"just getting started

watch here
https://t.co/MTJP4EHZLn

COVID is horrifying during pregnancy, the main message if you aren't treating a patient is to get vaccinated to protect you and your baby
 
#PataChanjoKE ğŸ’‰ğŸ¤°ğŸ¾ğŸ¤±ğŸ¾ğŸ‘¶ğŸ¾ https://t.co/kx0wNMETha https://t.co/L4sVLGwZLn",covid_kenya,"Nairobi, Kenya",4,4
2021-09-24 05:37:28+00:00,1441275570600300545,"WHY ARE YOU NOT VACCINATED????

#PataChanjoKe 
#StaySafe 
Get vaccinated! https://t.co/Z8ZMxvOY8X",Le_Butter_Fly,ğŸ‡°ğŸ‡ª,0,0
2021-09-24 04:09:41+00:00,1441253478844624906,#PataChanjoKe https://t.co/tB9NIII0wA,dnkariuki,Nairobi,3,2
2021-09-23 18:15:56+00:00,1441104057725165576,"#PataChanjoKE

My Rware people https://t.co/GxDDsoYMPs",wa_mutegi,"Nairobi, Kenya",0,1
2021-09-23 17:33:22+00:00,1441093345212649483,"Kindly take note of the date and venues. 
#PataChanjoKe 
@County19Nyeri 
@GovernorKahiga 
@Amref_Kenya 
@AMREFUSA 
@Lab_medtronics https://t.co/pWsZnD9n6g",HealthNyeri,Nyeri County,15,10
2021-09-23 15:11:02+00:00,1441057524980109313,#PataChanjoKe https://t.co/yBvvUQQfWS,Shirley_Sein,"Nairobi, Kenya",0,1
2021-09-23 14:48:32+00:00,1441051864917757953,#PataChanjoKe https://t.co/K9VohemWbD,wanza_,"Nairobi, Kenya",0,0
2021-09-23 11:54:53+00:00,1441008162522419201,#PataChanjoKe https://t.co/PhQnx3Q6h1,ggit_s,"Nairobi, Kenya",1,0
2021-09-23 10:45:30+00:00,1440990701110579201,#PataChanjoKe https://t.co/0EcXsBoldx,techweez,Online,0,0
2021-09-23 10:18:36+00:00,1440983934372810752,#PataChanjoKe https://t.co/UrvWLFSycf,yulemsee,"Nairobi, Kenya",0,1
2021-09-23 09:34:58+00:00,1440972953269776386,"@Rogosh Hey, thanks for sharing this thread from @_ngwata. Read the whole version here: https://t.co/dHhrNJI0Pw  #PataChanjoKe",threader_app,Author? You can opt-out with the keyword â€œpauseâ€,5,11
2021-09-23 09:18:15+00:00,1440968746294816769,"@wagio2010 @ValerieMagutu @daktari1 @kimaniwanjogu @MOH_Kenya @TheLancet @DrAhmedKalebi @Onjerika @CovidKenya there needs to be a gap between first and second doses, but time doesn't really 'run out' to get the second dose, after those 12 weeks as I understand it - but better not to leave it too long

let us know if she is successful, and look at #PataChanjoKE for more options",covid_kenya,"Nairobi, Kenya",0,1
2021-09-23 09:16:34+00:00,1440968321252343810,"Fin.
Please get vaccinated, and share and tag vaccination centres and tweets using #PataChanjoKe to help others know where to get vaccinated.",_ngwata, ğŸ‡°ğŸ‡ª,25,93
2021-09-23 05:33:20+00:00,1440912145496088580,"#PataChanjoKE ğŸ’‰ğŸ’ªğŸ¾
 
it's workplace safety https://t.co/CO6AyyGnXh",dosima_org,still disgusted (Matt Hancock),1,2
2021-09-23 02:28:33+00:00,1440865640466694146,#PataChanjoKe https://t.co/ifvpS4nswn,Onjerika,nairobi,4,3
2021-09-22 18:36:57+00:00,1440746960109985796,@wagio2010 @daktari1 @kimaniwanjogu @MOH_Kenya @TheLancet @DrAhmedKalebi @Onjerika @CovidKenya Don't have a list but s/he/they can try and see if AAR have an available slot this Saturday #PataChanjoKE https://t.co/5uaHBsNauJ,ValerieMagutu,Kenya,1,3
2021-09-22 18:05:25+00:00,1440739024654647302,"#PataChanjoKE+UG+TZ
ğŸ‘‡ğŸ¾ https://t.co/rpQE3BbEsl",dosima_org,still disgusted (Matt Hancock),0,1
2021-09-22 12:59:29+00:00,1440662031548370945,"watch this, then
#PataChanjoKE ğŸ’‰ https://t.co/RKA9feV4f9",covid_kenya,"Nairobi, Kenya",2,2
2021-09-22 07:39:25+00:00,1440581485187059716,"Huku they also have free covid tests. 
#patachanjoKe https://t.co/3XDV9OMkvU",wanza_,"Nairobi, Kenya",3,2
2021-09-22 07:37:06+00:00,1440580900706656266,"Wenye mnatafuta J&amp;J. 
#patachanjoke. https://t.co/h6GppfApwG",wanza_,"Nairobi, Kenya",34,15
2021-09-22 05:25:50+00:00,1440547868054482950,All answers on #PataChanjoKe https://t.co/Rb56rQszfM,DaviesKinanga,"Nairobi, Kenya",0,2
2021-09-22 05:25:11+00:00,1440547704837345294,@mwetich__ Pitia #PataChanjoKe for updates :),HumbledStallion,,0,1
2021-09-21 17:53:44+00:00,1440373697475321863,#PataChanjoKE https://t.co/SUACeaMcOL,wa_mutegi,"Nairobi, Kenya",2,0
2021-09-21 10:38:05+00:00,1440264061808046090,If you are in South C get your jab at The Reliance Hospital outreach at Masjid Salaam today and tomorrow at Masjid Al-Huda #PataChanjoKe https://t.co/nzn8tcVVS3,fuwadii,"Nairobi, Kenya",58,64
2021-09-21 06:49:54+00:00,1440206638334369795,#patachanjoke https://t.co/nmcnXUJjqD,WSA_Kenya,,0,0
2021-09-21 05:25:59+00:00,1440185517388095490,"#PataChanjoKE ğŸ‘ğŸ¾ğŸ’‰ğŸ’ªğŸ¾
 
the best cure for anxiety https://t.co/zY5YdRbO3z",covid_kenya,"Nairobi, Kenya",0,1
2021-09-21 03:25:03+00:00,1440155082662633485,"#patachanjoke

If in the Coastal region. I wonder if it is possible to get two different doses of the vaccine? Do you know @covid_kenya? https://t.co/GEK4pF2G8V",Onjerika,nairobi,6,2
2021-09-20 13:06:42+00:00,1439939073175588865,Where can I get the Pfizer vaccine? #PataChanjoKe,ndung_irene,,0,0
2021-09-20 06:47:41+00:00,1439843692320333824,#PataChanjoKe https://t.co/r3XCjLv8kh,Komboray,"Nairobi, Kenya.",0,1
2021-09-20 06:28:52+00:00,1439838954572898305,#PataChanjoKe,MsMukabi,"Nairobi, Kenya",0,0
2021-09-20 04:30:05+00:00,1439809062082908160,"the best vaccine is the one closest to you - although this does also seem really welcoming ğŸ¥°
 
get vaccinated with those you love
 
protect those you care about most,
and everyone else as well ğŸ¤—
 
#PataChanjoKE ğŸ’ªğŸ¾ğŸ’‰â¤ï¸ https://t.co/ZBaCVOPUlv",covid_kenya,"Nairobi, Kenya",0,0
2021-09-19 23:13:02+00:00,1439729275301679112,Go get vaccinated #patachanjoKE https://t.co/sioQeXopIO,zhuzhed,Kenya ,1,0
2021-09-19 06:56:18+00:00,1439483471345426432,"if you have free time today, take someone who needs this ğŸ™ğŸ¾
 
serve your community well
 
#PataChanjoKE ğŸ’ªğŸ¾ğŸ’‰ https://t.co/7f9nUrCVFv",covid_kenya,"Nairobi, Kenya",0,1
2021-09-18 13:59:57+00:00,1439227696375074821,#PataChanjoKE ğŸ’ªğŸ¾ğŸ’‰ https://t.co/CbsBYqRIYX,covid_kenya,"Nairobi, Kenya",1,0
2021-09-18 12:17:53+00:00,1439202010817986560,"#PataChanjoKE ğŸ’‰ğŸ’ªğŸ¾
 
you may still catch COVID, but you will be much safer, because your body is better prepared to fight it off - your immune system has been practicing
 
also stay masked (especially in under unventilated spaces), stay distanced
 
together, we will beat this âœŠğŸ¾ https://t.co/EQGGY97EGe https://t.co/B6HEgA2krT",covid_kenya,"Nairobi, Kenya",0,1
2021-09-18 10:39:45+00:00,1439177315347353606,astra zeneca and moderna vaccination ongoing at aar hospital along kiambu rd til 3pm. #patachanjoke @covid_kenya #kenyantraffic Via @petermburu,KenyanTraffic,Nairobi,0,3
2021-09-18 10:19:04+00:00,1439172112237928450,Astra Zeneca and Moderna vaccination ongoing at AAR hospital along Kiambu Rd til 3pm. #PataChanjoKe @covid_kenya,petermburu,"Nairobi, Kenya",12,8
2021-09-18 05:08:57+00:00,1439094069754535936,"Glad to see religious centres actively participating as vaccination centres this weekend too.
2/2
#PataChanjoKe https://t.co/M8CdWUjnzU",_ngwata, ğŸ‡°ğŸ‡ª,19,7
2021-09-18 04:40:26+00:00,1439086893409480706,"Nairobi has numerous covid-19 vaccination outreach activities happening this weekend.
Kindly reshare 1/2
#PataChanjoKe https://t.co/E1kkFK6Vov",_ngwata, ğŸ‡°ğŸ‡ª,144,47
2021-09-17 18:48:59+00:00,1438938048977379333,"#PataChanjoKE @covid_kenya 
The Wekekend Drive https://t.co/ifywfamvXg",Onjerika,nairobi,5,3
2021-09-17 13:32:59+00:00,1438858522847059970,#PataChanjoKE https://t.co/vPuMVAkepG,njihiakelvin,Starehe Constituency,0,0
2021-09-17 09:48:08+00:00,1438801937609207810,#PataChanjoKe https://t.co/5Gb5ZYwFTD,petermburu,"Nairobi, Kenya",14,0
2021-09-17 08:15:03+00:00,1438778511796457474,#PataChanjoKE https://t.co/3nNaXK4uh4,mmnjug,KE,0,0
2021-09-17 07:57:31+00:00,1438774101649285121,#PataChanjoKe #WhereToVaccineKenya https://t.co/9Z0Eq16h9g,mercymurugi,In My Head,0,1
2021-09-17 07:43:15+00:00,1438770509932646402,"Watu wa USIU / SAFARI PARK.
#Patachanjoke https://t.co/PgvByCambq",wanza_,"Nairobi, Kenya",2,0
2021-09-17 06:01:35+00:00,1438744925399625733,Get vaccinated #PataChanjoKe,worth8797,,0,0
2021-09-17 04:47:01+00:00,1438726161497051136,"Power Up!
 
Get Vaccinated.
 
#PataChanjoKE âœŠğŸ¾ https://t.co/pFgtkc8845",covid_kenya,"Nairobi, Kenya",1,2
2021-09-16 19:57:07+00:00,1438592808278007811,#PataChanjoKe ğŸ’ªğŸ¾ğŸ’‰ğŸšŒ https://t.co/VDkJqC6G8R,covid_kenya,"Nairobi, Kenya",44,27
2021-09-16 19:15:29+00:00,1438582328255713285,#PataChanjoKE ğŸ’ªğŸ¾ğŸ’‰ğŸ™„ https://t.co/eNsQxIhTQw,dosima_org,still disgusted (Matt Hancock),1,5
2021-09-16 18:46:10+00:00,1438574951737483268,Where in Nairobi can one get the Pfizer or Moderna vaccines? #PataChanjoKe,Saju_____,"Nairobi, Kenya",1,2
2021-09-16 09:43:11+00:00,1438438304458936323,#PataChanjoKe watu wa Roysambu https://t.co/Nhdsw8OhpL,wanza_,"Nairobi, Kenya",5,2
2021-09-16 08:22:08+00:00,1438417907856314368,#WhereToVaccineKenya #PataChanjoKe https://t.co/PGVQ6d9gox,mercymurugi,In My Head,0,0
2021-09-16 08:17:13+00:00,1438416669320302593,"For those hesitant to take jab on grounds vaccines were developed too fast, this from Florian Douam is a gem. #PataChanjoKE https://t.co/4EnvjcuVTH",RKI2011,Nairobi Kenya,0,0
2021-09-16 08:02:46+00:00,1438413033848680449,#PataChanjoKe https://t.co/S0PC9VJtaH,laureezyf,Afrique de l'Est,1,2
2021-09-16 04:39:13+00:00,1438361808562229253,#PataChanjoKe https://t.co/qb1JgBpx3A,jumafaulu,Behind the scenes,1,1
2021-09-16 03:40:47+00:00,1438347103735107586,he wasnâ€™t vaccinated ğŸ˜³ #PataChanjoKE ğŸ’‰ğŸ’ªğŸ¾ https://t.co/0BNFnVc4cT,dosima_org,still disgusted (Matt Hancock),0,1
2021-09-15 17:28:30+00:00,1438193016213233665,"online nonsense has real world consequences ğŸ˜”
 
stop and think, before spreading rumours

remember millions have already been vaccinated worldwide, and are safer as a result
 
#PataChanjoKE ğŸ’‰ğŸ’ªğŸ¾ https://t.co/n8VZKdRa9y",covid_kenya,"Nairobi, Kenya",0,0
2021-09-15 16:01:14+00:00,1438171054854361090,#PataChanjoKe Where can i get Astra Zeneca 2nd dose within Nairobi CBD?,PapaNdama,,0,0
2021-09-15 10:32:46+00:00,1438088396900077570,Moderna vaccine available at Tigoni hospital. Zero queue. Just walk in and get it #PataChanjoKe,yulemsee,"Nairobi, Kenya",4,1
2021-09-15 10:16:29+00:00,1438084297894858752,#PataChanjoKE https://t.co/dyUDmyfGXk,Shirley_Sein,"Nairobi, Kenya",3,1
2021-09-15 10:10:21+00:00,1438082753359196172,Does the govt give you a vaccination card or certificate when you get both doses? #PataChanjoKE,EricMahasi,Nairobi.Kenya,0,0
2021-09-15 09:58:25+00:00,1438079749528621057,#PataChanjoKe https://t.co/k8T02EsRXS,SaruniBM,Africa,0,0
2021-09-15 09:52:00+00:00,1438078134629376005,#WhereToVaccineKenya #PataChanjoKe https://t.co/8zsYB4fud6,mercymurugi,In My Head,0,0
2021-09-15 09:26:51+00:00,1438071808968859659,"Wale bado wanatafuta vaccine ya Makoronya.
Go to St. Maryâ€™s Mission hospital Langata. Iko hapo Otiende next to Langata Womenâ€™s prison.
Hakuna lines at all. You can pop in and out in 4 minutes flat. ##PataChanjoKe https://t.co/C51NejtWJO",shobanes,ğŸŒ´ğŸŒŠ Mombasa ğŸŒŠğŸŒ´,110,138
2021-09-15 09:13:15+00:00,1438068383333986305,#WhereToVaccineKenya #PataChanjoKe https://t.co/E4LWH2msXx,mercymurugi,In My Head,3,1
2021-09-15 08:28:20+00:00,1438057078912868353,Anywhere I can get Johnsons&amp; Johnsons vaccine? #PataChanjoKE,masakusax,Nairobi,0,0
2021-09-15 08:25:10+00:00,1438056281961549826,"your second dose will unlock the ability to both create and remember new and stronger passwords
 
#PataChanjoKE ğŸ’ªğŸ¾ğŸ’‰ 5G ğŸ¤– https://t.co/hcV4D4nQuT",covid_kenya,"Nairobi, Kenya",1,1
2021-09-15 08:04:10+00:00,1438050997012738052,"Two days since getting the 1st jab of the Moderna vaccine and barely had any side effects apart from the soreness of the injection.
#GetTheJab #PataChanjoKe",jafyaa,"Nairobi, Kenya",1,3
2021-09-15 07:27:05+00:00,1438041668201156610,@kavitandolo @mercymurugi @paushinski @ppbkenya @MOH_Kenya #PataChanjoKE by @_ngwata &amp; co was already on this....,mmnjug,KE,1,1
2021-09-15 07:22:40+00:00,1438040557218111489,#PataChanjoKE ya Moderna #1 ğŸ’‰ at Kahawa Sukari Baptist Church today. Well organized,jmugambi,"Nairobi, Kenya",10,2
2021-09-15 07:13:38+00:00,1438038282579873796,"PCEA Loresho Church and AAR Hospital Kiambu Road are running vaccination drives today.
#PataChanjoKE https://t.co/GUcpBQrrxA",_ngwata, ğŸ‡°ğŸ‡ª,17,3
2021-09-15 04:04:26+00:00,1437990669906239494,#PataChanjoKe https://t.co/fVsQCfSvOn,laureezyf,Afrique de l'Est,0,0
2021-09-14 15:15:06+00:00,1437797057327255558,@YouLoveLeona #PataChanjoKe,currAm3L,,0,0
2021-09-14 15:10:14+00:00,1437795834578587653,#PataChanjoKe ğŸ’ªğŸ¾ğŸ’‰ https://t.co/3PG2vkuPsV,covid_kenya,"Nairobi, Kenya",3,2
2021-09-14 12:43:38+00:00,1437758941090525190,@JudieOj Check hapa #PataChanjoKe,PT_Scar,Kenya,0,0
2021-09-14 12:34:07+00:00,1437756547317252099,#PataChanjoKe https://t.co/bWprN7FKfb,PT_Scar,Kenya,0,0
2021-09-14 12:30:14+00:00,1437755570740682761,#patachanjoke https://t.co/GhnVPHZcmk,RKI2011,Nairobi Kenya,0,1
2021-09-14 12:02:49+00:00,1437748670213013506,#PataChanjoKE https://t.co/NnEhK1pxhB,T_Gathoni,NAIROBI,0,0
2021-09-14 12:00:29+00:00,1437748082704322561,"we have seen a number of similar reports to this one, usually with small children involved ğŸ˜”

#PataChanjoKE ğŸ’ªğŸ¾ğŸ’‰
but remain cautious https://t.co/jIUzHTwsPL",covid_kenya,"Nairobi, Kenya",0,4
2021-09-14 11:36:03+00:00,1437741934659911684,#PataChanjoKe https://t.co/QRwEZiAj8r,tmutahi,Zimbabwe,4,0
2021-09-14 10:46:55+00:00,1437729567490387972,#PatachanjoKe https://t.co/2ZJBYJbdJC,jumafaulu,Behind the scenes,0,0
2021-09-14 10:40:30+00:00,1437727952985370628,#PataChanjoKE https://t.co/M2gETSDd9Y,RKI2011,Nairobi Kenya,0,0
2021-09-14 09:10:07+00:00,1437705206318370816,#patachanjoKE https://t.co/VjZxmhWPDg,laureezyf,Afrique de l'Est,3,0
2021-09-14 08:46:49+00:00,1437699345810350082,Follow #PataChanjoKE https://t.co/gnRXW9fJJn,MisterAlbie,"Washington, DC",0,0
2021-09-14 08:08:55+00:00,1437689805240942593,No queue at Nairobi Women's Hospital. Get your Moderna jab. #PataChanjoKe,Neo_Lemurian,Shamballa,56,49
2021-09-14 06:36:25+00:00,1437666527495561216,#PataChanjoKE ğŸ’ªğŸ¾ğŸ’‰ and listen to the scientists https://t.co/G09bjDZ1Q2,dosima_org,still disgusted (Matt Hancock),1,2
2021-09-14 06:22:05+00:00,1437662921996316674,#PataChanjoKE https://t.co/lbG9DUjjTQ,MonyqueXO,"Nairobi, Kenya",5,1
2021-09-13 20:05:33+00:00,1437507765631701002,#PataChanjoKe https://t.co/UIJ3kn9cfo,Ixcicle,Africa,0,0
2021-09-13 19:48:06+00:00,1437503372165324812,"there are so many reasons to get vaccinated ğŸ˜”
 
we have much less hospital capacity per capita than the United States, and allowing the virus to keep spreading here will be devastating
 
vaccines work
ğŸ‘‡ğŸ¾
#PataChanjoKe ğŸ’ªğŸ¾ğŸ’‰ https://t.co/qjzjugPhz4",covid_kenya,"Nairobi, Kenya",1,2
2021-09-13 17:34:16+00:00,1437469694559232011,#PataChanjoKe https://t.co/lcJH3bv8TG,jumafaulu,Behind the scenes,0,0
2021-09-13 14:28:24+00:00,1437422919936786442,"#patachanjoke
Watu wa Kiambu rd Pande ya Karura https://t.co/SLO5zCqaqw",wanza_,"Nairobi, Kenya",4,0
2021-09-13 13:24:23+00:00,1437406809480892419,"let's get these into arms!

#PataChanjoKe ğŸ’ªğŸ¾ğŸ’‰ https://t.co/DwWpDHFpr3",covid_kenya,"Nairobi, Kenya",2,4
2021-09-13 13:22:02+00:00,1437406215500353551,#PataChanjoKe https://t.co/q6X8uxzEDW,jumafaulu,Behind the scenes,1,0
2021-09-13 12:48:24+00:00,1437397751227109377,"2nd dose AstraZeneca
1st dose Moderna
#PataChanjoKe",_Beatstep,2021,0,1
2021-09-13 12:38:50+00:00,1437395343327498242,#PataChanjoKe https://t.co/xyB8twmRxu,MisterAlbie,"Washington, DC",0,0
2021-09-13 11:59:09+00:00,1437385360494014467,Who knows where someone can get vaccinated in Nyahururu? #PataChanjoKe,T_Gathoni,NAIROBI,0,1
2021-09-13 11:58:15+00:00,1437385133263364098,#PataChanjoKe https://t.co/EHY5GjXvkK,T_Gathoni,NAIROBI,4,0
2021-09-13 11:55:31+00:00,1437384444663500800,#PataChanjoKe https://t.co/xAEaAPZkOH,_ngwata, ğŸ‡°ğŸ‡ª,1,0
2021-09-13 11:24:25+00:00,1437376615831453699,#PataChanjoKe https://t.co/irWEHaFlUZ,tmutahi,Zimbabwe,0,0
2021-09-13 05:44:26+00:00,1437291056782061570,"#PataChanjoKE ğŸ’‰ğŸ’ªğŸ¾
 
the new Delta variant in Kenya affects more people, and younger people
 
it's not worth the risk
 
get vaccinated, and protect those you care about as well https://t.co/SnZa5uyFN4",dosima_org,still disgusted (Matt Hancock),0,0
2021-09-13 04:40:08+00:00,1437274875618545664,#PataChanjoKE ğŸ’” https://t.co/0ljzapwjMQ,covid_kenya,"Nairobi, Kenya",0,0
2021-09-13 04:22:17+00:00,1437270384030756865,#patachanjoke https://t.co/19YEvSyJuN,jumafaulu,Behind the scenes,1,1
2021-09-12 13:07:32+00:00,1437040179299164162,"Have you had your Covid vaccine yet? If no, what's holding you back? Make a move and get the jab!

#PataChanjoKe
#GetVaccinated 
@CovidKe 
@covidkenya1 
@MOH_Kenya https://t.co/3383MzeSmc",CreativKym,,0,0
2021-09-12 10:20:42+00:00,1436998193531785217,#PataChanjoKe https://t.co/XABI6tYFXJ,_ngwata, ğŸ‡°ğŸ‡ª,2,1
2021-09-11 19:29:07+00:00,1436773818907959309,"tomorrow and next Sunday
 
#PataChanjoKe ğŸ’ªğŸ¾ğŸ’‰ and take the people you care about with you https://t.co/ZHdR9BjFxw",covid_kenya,"Nairobi, Kenya",8,4
2021-09-11 19:23:41+00:00,1436772451514466309,#PataChanjoKE ğŸ’ªğŸ¾ğŸ’‰ https://t.co/hBgQujMM2A,covid_kenya,"Nairobi, Kenya",0,0
2021-09-11 17:15:29+00:00,1436740191763451907,"But kama mtu hataki hii vaccine ya bure, akianza kukohoa kama farasi, ataweka Paybill ama itakuwaje? 

ğŸ¤”

#PataChanjoKE",dnahinga,@Ujenzibora #HoS 0720578632,1,9
2021-09-11 17:02:48+00:00,1436736997910011905,"24hours later after I received mine, no major side effects. Just swelling on the area and some manageable pain. #patachanjoke https://t.co/6yt2qycMaC",iamStellaNgugi,"Nairobi, Kenya",3,2
2021-09-11 16:34:41+00:00,1436729922937135110,#PataChanjoKe moderna available at Parklands Baptist Church tomorrow. Spread the word/poster https://t.co/vWoCQ9THAN,yulemsee,"Nairobi, Kenya",2,1
2021-09-11 05:20:40+00:00,1436560302754172928,@MigunaMiguna #PataChanjoKe  This thing or realğŸ™„,morris_odhiambo,"Nairobi, Kenya",0,1
2021-09-11 04:40:35+00:00,1436550212319862787,@Chiira tamaka kuri na andu kwanja mbiu njiithe marauga matikwenda kumundwo janjo ğŸ˜¤ #PataChanjoKe,augustinevickie,237Thika,0,0
2021-09-10 18:01:56+00:00,1436389491682516992,"this is the new deployment plan, and has ambitious targets to expand the vaccine rollout - see Phase II running from now until December
 
what do you think, and what could we do as citizens to help this happen?
 
we'll be discussing it this Sunday at 8pm
 
#PataChanjoKe ğŸ’‰ğŸ’ªğŸ¾ https://t.co/5rmWV2DYP2 https://t.co/ZFAMSz2cVl",covid_kenya,"Nairobi, Kenya",2,3
2021-09-10 07:51:16+00:00,1436235814640422912,#PataChanjoKe https://t.co/TgHjdTPeRr,tmutahi,Zimbabwe,1,0
2021-09-10 07:49:43+00:00,1436235422162735108,Views. #PataChanjoKE https://t.co/C5ga46QWux,Stan_Subru,Kenya,0,1
2021-09-10 07:02:24+00:00,1436223515670233096,"Ongoing Moderna 1st Dose Vaccination at Mp. Shah Hospital, Parklands upto 3:00p.m.

#PataChanjoKe https://t.co/nJStLCDwtg",Stan_Subru,Kenya,16,14
2021-09-10 04:57:18+00:00,1436192031966105601,"why we #PataChanjoKE ğŸ’‰ğŸ’ªğŸ¾
 
the COVID-19 vaccines are now well-proven to protect severe sickness and death, in many countries around the world
 
there is no debate
 
the results are clear
 
go get your shot
take friends and family as well https://t.co/aveBHKlN7z https://t.co/RW27UT1ue8",covid_kenya,"Nairobi, Kenya",1,2
2021-09-09 19:22:48+00:00,1436047454340845578,#PataChanjoKe https://t.co/8PnZMsPOPS,jumafaulu,Behind the scenes,5,0
2021-09-09 18:49:59+00:00,1436039196712517638,"Covid Vaccine 1st dose - Appointment Booking

COVID-19 Vaccination

5 minutes

#PataChanjoKe

https://t.co/ZsrFwf0tr6 https://t.co/kSWP2fexmQ",dnahinga,@Ujenzibora #HoS 0720578632,0,1
2021-09-09 17:00:40+00:00,1436011685207216130,"My word, what a season we are in! Yet, this is life. So, hereâ€™s wishing you grace for all sorts of days, be they sunny, blustery, or torrential. And, the strength to see you and me through this season. ~ @kevmwachiro

#COVID19 #Coronavirus #PataChanjoKE

https://t.co/6DtpMvGWkw",theelephantinfo,"Nairobi, Kenya",1,4
2021-09-09 12:10:40+00:00,1435938706859466765,#PataChanjoKe wacha upumbavu! https://t.co/EBzokYVzib,Komboray,"Nairobi, Kenya.",0,0
2021-09-09 09:07:25+00:00,1435892590516314115,"So many centers and outreaches for vaccination open. Let's do this. It's simple and safe
#PataChanjoKe",mwas_2,"Nairobi, Kenya",0,0
2021-09-09 08:29:39+00:00,1435883084474355712,#PataChanjoKE https://t.co/K2RF4983Nv,laureezyf,Afrique de l'Est,0,0
2021-09-09 07:51:58+00:00,1435873600033239043,"COVID vaccinations ongoing at Dandora 1 Health Center today. @covid_kenya 

#PataChanjoKE",Onjerika,nairobi,5,5
2021-09-09 06:53:59+00:00,1435859011501531139,#PataChanjoKe Sunday 12th ğŸ‘‡ğŸ¾ğŸ’‰ğŸ™ğŸ¾ https://t.co/IbofoFoFTB,covid_kenya,"Nairobi, Kenya",4,3
2021-09-09 05:34:23+00:00,1435838975743299585,#PataChanjoKe https://t.co/EtgsNB7Vng,Nyambusideh,,0,2
2021-09-08 20:50:52+00:00,1435707232025464839,#PataChanjoKe https://t.co/FhMVsurYRS,Mwangala_,Rwanda,0,0
2021-09-08 18:37:31+00:00,1435673671717228544,#PataChanjoKE https://t.co/7gOwtCYydN,wa_mutegi,"Nairobi, Kenya",0,0
2021-09-08 15:53:42+00:00,1435632445496377358,"Watu wa Kiambu, anagalieni huku for the vaccine #PataChanjoKe.

From our estate's Whatsapp group https://t.co/cE0Jf76h2i",wanza_,"Nairobi, Kenya",4,1
2021-09-08 15:19:56+00:00,1435623949245820939,"Slightly let down that Nairobi womens Adams, a listed facility, was like, nice effort sir but you will need to go to the hurlingham branch instead. On the upside though, it was a quick process.  #PataChanjoKe",ArreLL350,"Nairobi, Kenya",1,0
2021-09-08 12:48:20+00:00,1435585797965627400,"Just got the first dose of #moderna anti covid vaccine at Coptic Hospital. Quick, smooth, efficient process. So far, so good, no side effects. #PataChanjoKe",mimi_mine,"Nairobi, Kenya",1,0
2021-09-08 10:01:17+00:00,1435543758880268289,#patachanjoke https://t.co/vb8yEzdfBv,laureezyf,Afrique de l'Est,0,0
2021-09-08 08:32:55+00:00,1435521520403730432,#PataChanjoKaaChonjo #PataChanjoKe #KomeshaKorona https://t.co/Uo2qIWZxVI,DigiRedio,,0,0
2021-09-08 06:26:29+00:00,1435489699045560322,#PataChanjoKe https://t.co/P1qCa0bubg,wanza_,"Nairobi, Kenya",2,0
2021-09-08 06:15:19+00:00,1435486892913463297,Covid Immunization drive at NYS Thika Road.  Registration on site.  Please organize for loved ones and househelps to get the vaccine. #PataChanjoKe #PataChanjoKaaChonjo,JuneNdungu2013,,3,6
2021-09-08 06:13:57+00:00,1435486547667730434,#PataChanjoKe #PataChanjoKaaChonjo https://t.co/PLxUliCB6n,JuneNdungu2013,,0,0
2021-09-08 05:57:01+00:00,1435482285915222017,#PataChanjoKe #PataChanjoKaaChonjo https://t.co/H5CH3oZr62,JuneNdungu2013,,0,0
2021-09-08 05:32:59+00:00,1435476237552603139,"Got the Moderna 1st jab yesterday  side effects so far:
Upper arm very numb and swelling around the jab area 
Nausea 
Chills 
This morning woke up fine, arm is still slightly swollen and sore but am good. #PataChanjoKe",_wandamu,"Nairobi, Kenya",0,0
2021-09-07 17:27:18+00:00,1435293613987086343,"hello and welcome to the best show in town right now,tune in now,89.0 fm .have you received your jab ?if yes good and if not ,tell us the reason?
#ELIMU_tuesday 
#PataChanjoKe 
@alexsikawa 
@OsotuaRadio 
@MOH_Kenya https://t.co/irbO65dAll",OsotuaRadio,Narok,1,2
2021-09-07 16:18:10+00:00,1435276216383066114,#PataChanjoKe https://t.co/mEuaQSnO9r,_ngwata, ğŸ‡°ğŸ‡ª,3,2
2021-09-07 15:29:26+00:00,1435263952267714562,"the difference one year makes
- and widespread vaccinations

UK : 63% and rising
Kenya : less than 3%
 
we need to increase that, now we finally have vaccines to protect Kenyans

#PataChanjoKE ğŸ‘‡ğŸ¾ğŸ’‰ https://t.co/wN1HjWEh3a",covid_kenya,"Nairobi, Kenya",1,4
2021-09-07 14:05:12+00:00,1435242753227726849,&gt;&gt;&gt; #PataChanjoKe,Abiud3,"Turkana, Kenya",0,1
2021-09-07 13:54:46+00:00,1435240128293834760,"@kiruik Aga Khan, Nairobi Hospital, Coptic. Check #PataChanjoKe for places having them available this week.",eugineprince,.,0,0
2021-09-07 13:49:40+00:00,1435238843352027141,#PataChanjoKe https://t.co/HgGdarQjrL,laureezyf,Afrique de l'Est,0,0
2021-09-07 13:48:53+00:00,1435238645775151110,#PataChanjoKe https://t.co/nUTBfC4CJ0,laureezyf,Afrique de l'Est,2,1
2021-09-07 11:47:24+00:00,1435208075795861507,Got vaccinated at Coptic and it was quick. 5 minutes in and out. You have to book on their site and register on MOH portal. #PataChanjoKe,wangenem,Kenya,12,9
2021-09-07 10:54:49+00:00,1435194840439050247,#PataChanjoKe https://t.co/HKs6nM4984,JakBawa,Where My Mind Takes Me,1,0
2021-09-07 08:46:46+00:00,1435162615400042497,#PataChanjoKe https://t.co/4vGmvOva88,MoAngwenyi,"In my bag,  waddling. ",0,1
2021-09-07 07:30:16+00:00,1435143366250012674,The Vaccination Process at All Saint Cathedral is quite efficient....fast. Get your Moderna Dose now before ziishe. #PataChanjoKe https://t.co/2RWO7745CU,UnchartedKenya,Africa,8,4
2021-09-07 06:41:31+00:00,1435131097000517632,#PataChanjoKe ğŸ’‰ ğŸ’‰ https://t.co/U77Dp6qP9n,UnchartedKenya,Africa,2,3
2021-09-07 04:10:10+00:00,1435093006873513987,Today is the last day of vaccination at All Saints Cathedral... Moderna Vaccine. #PataChanjoKe https://t.co/SjttLARYlX,Its_Kamau,Kenya,0,0
2021-09-06 13:13:48+00:00,1434867429407137794,#PataChanjoKe https://t.co/ksppUrl5e7,MisterAlbie,"Washington, DC",0,1
2021-09-06 13:11:31+00:00,1434866855366250504,#PataChanjoKe https://t.co/59tcfJyyAB,Nyambusideh,,0,1
2021-09-06 12:28:20+00:00,1434855989086404611,#PataChanjoKe https://t.co/LHlvMT8tOH,MisterAlbie,"Washington, DC",1,0
2021-09-06 10:59:09+00:00,1434833544900186113,#PataChanjoKe https://t.co/eJcORXbyvp,tmutahi,Zimbabwe,0,0
2021-09-06 09:08:04+00:00,1434805590241464324,Moderna vaccine available at Karen Hospital. #PataChanjoKE https://t.co/dDGLiH4LMb,VaxPoint_KE,Kenya,1,0
2021-09-06 09:04:47+00:00,1434804760763305986,Monday to Wednesday upto 1pm. #PataChanjoKe https://t.co/82RA94m4s3,MoAngwenyi,"In my bag,  waddling. ",2,0
2021-09-06 08:59:24+00:00,1434803406120628224,#PataChanjoKE https://t.co/17OLDlVmz8,VaxPoint_KE,Kenya,0,0
2021-09-06 08:46:43+00:00,1434800214649475072,#PataChanjoKe https://t.co/puOr4BVLnW,gishungwa,,0,0
2021-09-06 06:54:43+00:00,1434772029459378178,"Aga Khan Hospital Nairobi has Monday (today) slots open for 1st dose and the vaccination is strictly by appointment here ~&gt; https://t.co/XfHUek90Aj

#PataChanjoKe https://t.co/v6tvRoIe5O",_ngwata, ğŸ‡°ğŸ‡ª,14,5
2021-09-06 06:51:14+00:00,1434771151826432001,"Nairobi Hospital has 1st dose slots open on Thursday and Friday this week and the covid-19 vaccination is strictly by appointment on this link ~&gt; https://t.co/qqdemjmoBQ

#PataChanjoKe",_ngwata, ğŸ‡°ğŸ‡ª,21,5
2021-09-06 05:39:48+00:00,1434753176297689094,"If you can get yourself to jkia , you can get your vaccination. #PataChanjoKe",MoAngwenyi,"In my bag,  waddling. ",1,0
2021-09-05 17:37:27+00:00,1434571392901689351,"As of today, according to data by the Ministry of Health, there are 1,403,972 vaccine doses available. Go get vaccinated, if you have not.
#PataChanjoKe https://t.co/2MTgObvFbX",OliverMathenge,"Nairobi, Kenya",6,13
2021-09-05 08:42:35+00:00,1434436788546904067,"Nyaimbo episode  ,,, hapa ni kiberaaaa #NdoHiiFormYaGOtv  #AmazonPrime  #adilie  #AfterlifeOfTheParty  #AmazonPrime  #Dpruto #WorldCupQualifiers #Rwanda  #rwandais  #NikujaribuTu  #COVID19  #PataMoreNaBetika  #PataChanjoKe  #FoodSystems https://t.co/Evj8GsQkKd",ProFate6,,3,3
2021-09-05 04:19:25+00:00,1434370560428019714,ğŸ§µğŸ‘‡ğŸ¾ why we #PataChanjoKE https://t.co/JGPWsZr29S,covid_kenya,"Nairobi, Kenya",3,6
2021-09-05 03:20:02+00:00,1434355613954347011,#PataChanjoKe https://t.co/vTLG4ZDtZe,mwas_2,"Nairobi, Kenya",0,0
2021-09-04 17:51:04+00:00,1434212431300026371,@Lawrenc59511794 @MOH_Kenya Look through #PataChanjoKe there is lists of centers I think with the Moderna vaccine,_wanjala_,,0,0
2021-09-04 17:14:38+00:00,1434203260609511433,#PataChanjoKe https://t.co/2Jzfe3XQXL,MsPeacepreneur,Africa,0,2
2021-09-04 16:38:10+00:00,1434194084500058113,Anyone interested in getting vaccinated Aga khan and Nairobi hospital both have their appointment slots open for next week. #PataChanjoKe,BwireNatasha,"Nairobi,Kenya",0,0
2021-09-04 14:25:08+00:00,1434160607599734785,#PataChanjoKe https://t.co/eVRV5XtgwN,T_Gathoni,NAIROBI,1,0
2021-09-04 10:22:08+00:00,1434099454492151808,#PataChanjoKe https://t.co/oYK5nLNGQC,gishungwa,,0,0
2021-09-04 06:20:42+00:00,1434038692147040262,#PataChanjoKe https://t.co/SFK1WI60Eq,JosaG_,"Nairobi, Kenya",0,0
2021-09-04 05:28:14+00:00,1434025490713649156,#PataChanjoKe https://t.co/JNSLJAv5l5,wa_mutegi,"Nairobi, Kenya",0,0
2021-09-04 04:42:10+00:00,1434013895958667264,#PataChanjoKe https://t.co/bq3XGvJw0b,_ngwata, ğŸ‡°ğŸ‡ª,12,3
2021-09-03 19:57:45+00:00,1433881922963492864,"All the best to y'all getting this one..but get it please
#PataChanjoKe https://t.co/4scEIGqrPY",Cryptonait,"Nairobi, Kenya",0,0
2021-09-03 19:18:55+00:00,1433872151996780548,"Find the updated list of accredited COVID-19 vaccination centres here https://t.co/WovZpKurp9 

#COVID19KE #PataChanjoKe",CapitalFMKenya,"Nairobi, Kenya",0,1
2021-09-03 19:03:43+00:00,1433868324996272130,#PataChanjoKe https://t.co/DZqNmdVP8x,Molly_Molly_M,+254,1,0
2021-09-03 17:13:31+00:00,1433840592472186930,#PataChanjoKe https://t.co/heLeyCKNz1,wa_mutegi,"Nairobi, Kenya",0,0
2021-09-03 16:11:37+00:00,1433825015594639367,the best vaccine ni ile iko kwa mwili #PataChanjoKe https://t.co/CgRFwRWZBs,kenyancyborg,curfew and lockdown,0,0
2021-09-03 14:27:39+00:00,1433798850116997129,"pages 13-16 - Homa Bay to Nairobi
 
many facilities are not operating at weekends, but there may be other pop-up locations this weekend
 
(you should not need to pay for a vaccine)
 
do please also share your experiences with us here:
https://t.co/FAwnUdazav
  
#PataChanjoKE ğŸ’‰ğŸ’ªğŸ¾ https://t.co/48B9djZI30",covid_kenya,"Nairobi, Kenya",1,0
2021-09-03 14:19:25+00:00,1433796779514994694,"pages 9-12 - Nakuru to Homa Bay

#PataChanjoKE ğŸ’‰ğŸ’ªğŸ¾ https://t.co/NbB1gBxdap",covid_kenya,"Nairobi, Kenya",3,1
2021-09-03 14:18:36+00:00,1433796573134266372,"pages 5-8 - Machakos to Nakuru

#PataChanjoKE ğŸ’‰ğŸ’ªğŸ¾ https://t.co/SQzmWjxmIo",covid_kenya,"Nairobi, Kenya",2,1
2021-09-03 14:17:23+00:00,1433796269688885257,"pages 1-4 - Mombasa to Machakos

#PataChanjoKE ğŸ’‰ğŸ’ªğŸ¾ https://t.co/5g4yHyNYKJ",covid_kenya,"Nairobi, Kenya",2,1
2021-09-03 14:16:15+00:00,1433795984212078592,"This new list appears to be the most up to date, covering medical facilities offering the vaccines right now 
 
#PataChanjoKE ğŸ’‰ğŸ‘‡ğŸ¾ğŸ’ªğŸ¾ https://t.co/sPMllY7A1A https://t.co/5XJwEeBv0M",covid_kenya,"Nairobi, Kenya",6,3
2021-09-03 09:01:22+00:00,1433716739813126146,#PataChanjoKe https://t.co/LXLbPKXuIJ,jumafaulu,Behind the scenes,0,0
2021-09-03 07:47:47+00:00,1433698220329291783,#PataChanjoKe https://t.co/kTjZFfmdju,mwiriginkaabu,"Nairobi, Kenya",0,0
2021-09-03 07:27:23+00:00,1433693086467641356,"Kenya can't even officially decide if we are vaccinating over 18s ğŸ™„
 
we're going to see more needless cases, deaths, costs to the economy, hesitancy and expired vaccines without better leadership and messaging
 
#PataChanjoKe if you can find them ğŸ˜”
 
(you need to be connected) https://t.co/s9SF9oH0AS",covid_kenya,"Nairobi, Kenya",1,0
2021-09-03 05:09:56+00:00,1433658498508894208,#PataChanjoKE https://t.co/samf6TYI1X,wa_mutegi,"Nairobi, Kenya",0,1
2021-09-02 16:36:28+00:00,1433468883051106304,#PataChanjoKe  Vaccination drive at All Saints Cathedral ğŸ‘‡ğŸ¾ https://t.co/UgWD2FGicp,VaxPoint_KE,Kenya,2,1
2021-09-02 16:17:10+00:00,1433464022825848834,Soon we are getting an influx of Vaccines. You have no excuses not to be vaxed. @MOH_Kenya #PataChanjoKe @MoHGhana https://t.co/f5OFdz0Wdd,_wanjala_,,0,2
2021-09-02 15:54:44+00:00,1433458379708682242,@MOH_Kenya In Nairobi Kenyatta National hospital and Mbagathi are administering Moderna vaccine. I've got mine already. Y'all stop complaining and go get vaccinated! #PataChanjoKe,_wanjala_,,0,4
2021-09-02 14:34:02+00:00,1433438067940020224,#PataChanjoKe ğŸ‘‡ğŸ¾ this is leadership https://t.co/7d4MdZIVNs,covid_kenya,"Nairobi, Kenya",3,3
2021-09-02 10:02:46+00:00,1433369801523564550,Lions hospital offering vaccination #PataChanjoKe,Eryko_,"|NY| Nairobi, Kenya",0,0
2021-09-02 10:00:20+00:00,1433369190354800642,"#PataChanjoKe
https://t.co/lHvRjs3pMK",covid_kenya,"Nairobi, Kenya",1,0
2021-09-02 09:56:10+00:00,1433368142697410560,"due anyone know places vaccinating _today_?

(I will block people sending me expired lists...)

#PataChanjoKE ğŸ˜” https://t.co/BwrSUmaDRe",covid_kenya,"Nairobi, Kenya",1,0
2021-09-02 07:58:47+00:00,1433338603472629761,#PataChanjoKe Fikeni plae Strathmore University Graduation Square https://t.co/QqhFOgGVL2,Chiira,"-1.285768, 36.819611",17,6
2021-09-02 07:20:12+00:00,1433328891184177162,"#PataChanjoKe Mbagathi and KNH giving out first doses today (Moderns). And the wait isn't too bad.

If you know anywhere giving out second doses of AZ let me know.",nyakundijt,"Nairobi, Kenya",4,0
2021-09-02 07:16:09+00:00,1433327873922842625,#PataChanjoKe  gachororo clinic in juja....no vaccine until next week and they are not saying exactly when.,The_Dieanne,,1,0
2021-09-02 05:37:39+00:00,1433303084218859523,"I've just called Mathare Teaching and Referral, and they have - that may be closest for you?
 
the overall situation is very confusing right now
 
MoH information is either opaque or misleading
 
sorry it's so frustrating for you, and many others
 
#PataChanjoKE should be easy ğŸ˜” https://t.co/4jFd6uXjn3",covid_kenya,"Nairobi, Kenya",2,5
2021-09-01 12:03:33+00:00,1433037810773151749,"The Mombasa vaccination centres via @MombasaCountyKe
#PataChanjoKE https://t.co/MlVeuSRSEK",_ngwata, ğŸ‡°ğŸ‡ª,3,0
2021-09-01 11:39:54+00:00,1433031858061721602,"Mombasa folks who haven't received any covid-19 vaccine - the County will be issuing Moderna shots in 11 centres across the county from tomorrow Thursday.

#PataChanjoKe https://t.co/SsvodRg0h4",_ngwata, ğŸ‡°ğŸ‡ª,9,3
2021-09-01 10:55:57+00:00,1433020797665296384,"Moderna vaccines arriving in Mombasa
 #PataChanjoKe https://t.co/H2XASH4ek3",VaxPoint_KE,Kenya,0,0
2021-09-01 08:26:36+00:00,1432983214843383811,"Where can i find covid vaccine at Eldoret
#PataChanjoKE",Lennox56375042,,0,0
2021-09-01 06:55:03+00:00,1432960175846141953,"#PataChanjoKE whatever you can get ğŸ’‰ğŸ’ªğŸ¾
 
waiting is not smart, and most of us are fine with all the approved vaccines available now in Kenya https://t.co/RW3aJlq8Bv",covid_kenya,"Nairobi, Kenya",0,0
2021-09-01 06:09:38+00:00,1432948743905681409,"Avenue Hospital Parklands has a couple of vaccination slots left for Wednesday and Thursday. #PataChanjoKe 
https://t.co/sopK3a8xhW",_ngwata, ğŸ‡°ğŸ‡ª,10,5
2021-09-01 06:04:53+00:00,1432947551473389568,happy to hear it #PataChanjoKe ğŸ‘ğŸ¾ğŸ’‰ğŸ’ªğŸ¾ https://t.co/mix2AGX8bn,dosima_org,still disgusted (Matt Hancock),1,3
2021-08-31 17:45:51+00:00,1432761564684226561,Aye when in juja can I get vaccinated kesho? #PataChanjoKe,The_Dieanne,,2,0
2021-08-31 15:10:40+00:00,1432722514745204744,#PataChanjoKe Book a slot for covid-19 vaccine at Avenue Hospital Parklands https://t.co/fXKTMJ91SU,tmutahi,Zimbabwe,0,0
2021-08-31 14:11:56+00:00,1432707734198231053,"oooh... fancy airport terminal style chairs!

#PataChanjoKe ğŸ’ªğŸ¾ğŸ’‰ even the leftovers https://t.co/yErse1X6Fu",covid_kenya,"Nairobi, Kenya",1,2
2021-08-31 13:49:17+00:00,1432702031534428164,I booked a slot at Avenue Healthcare https://t.co/wGlr3QQk6e in Parklands and showed up at the allocated time. Process was orderly with social distancing and masking norms in place. Took me about 45 mins. #PataChanjoKe,nitabhalla,"Nairobi, Kenya",2,3
2021-08-31 13:47:12+00:00,1432701506294272002,"Over 8 months since the COVID-19 vaccine was rolled out, I got my first shot of AstraZeneca at Avenue Healthcare today. Thanks to Kenyaâ€™s amazing health workers, COVAX and whichever country provided their leftovers. #PataChanjoKe #VaccineInequality https://t.co/atOz6cxJAX",nitabhalla,"Nairobi, Kenya",5,32
2021-08-31 12:49:41+00:00,1432687033802231808,#PataChanjoKe https://t.co/4v9w5IC1rI,HumbledStallion,,1,0
2021-08-31 09:46:17+00:00,1432640879009861633,Where I Westlands can I get the vaccine? #PataChanjoKe,Jacquenna,Nairobi,0,0
2021-08-31 07:59:32+00:00,1432614014257963009,"wherever you are reading this in the world, you may well be alive today because of this man you have never heard of
 
#PataChanjoKE because vaccines work, and they save lives ğŸ’ªğŸ¾ğŸ’‰ https://t.co/OmsHElhp7s",covid_kenya,"Nairobi, Kenya",1,5
2021-08-31 07:05:39+00:00,1432600455000035330,"@rfmofficialke @DigiRedio @CBCC_Africa @UNICEFKenya @MOH_DHP We need to take advantage of vaccination even as we continue using masks and sanitizing.
#PataChanjoKe #PataChanjoKaaChonjo @rfmofficialke @MOH_Kenya",jesse_thaiya,,0,3
2021-08-30 12:35:38+00:00,1432321110008291330,"normalise getting your second or third doses of post-vaccine breakfast to strengthen your immune system
 
#PataChanjoKE ğŸ’‰ğŸ’ªğŸ¾ and think carefully about who you can take with you, how you make them pay for the celebration afterwards... https://t.co/uVNEA75Vq9",covid_kenya,"Nairobi, Kenya",3,4
2021-08-30 11:20:30+00:00,1432302202903834624,"Letâ€™s do a campaign on why Kenyans havenâ€™t got Covid-19 vaccine https://t.co/vTgFe9irDz by @AbigailArunga 

#PataChanjoKE",mmnjug,KE,1,4
2021-08-30 10:51:42+00:00,1432294955649806343,".@governorkingi puts Kilifi health workers on notice over laxity, negligence 

Na hakuna vaccines in Malindi... #PataChanjoKE 

https://t.co/KEMfa6p1ri",mmnjug,KE,0,1
2021-08-30 08:17:00+00:00,1432256023432253440,#PataChanjoKE ğŸ’‰ğŸ’ªğŸ¾ğŸš€ https://t.co/F6Wro59UAQ,covid_kenya,"Nairobi, Kenya",0,1
2021-08-30 06:22:45+00:00,1432227272514211841,Get COVID-19 vaccines at these 27 health facilities in KiambuÂ County #PataChanjoKe https://t.co/5ifW9cWXbc,Wamathai,Kenya,8,1
2021-08-30 06:18:56+00:00,1432226311163027457,"@iamStellaNgugi @kirioh @MPShahhospital I did mine on Thursday afternoon, there could be possibility but am sure they will restock. #PataChanjoKe",mwas_2,"Nairobi, Kenya",0,1
2021-08-30 06:16:58+00:00,1432225814821679107,damn... ğŸ˜£ #PataChanjoKe ğŸ’‰ğŸ’ªğŸ¾ https://t.co/BrSwemCfRF,dosima_org,still disgusted (Matt Hancock),0,1
2021-08-29 19:33:07+00:00,1432063786639368196,@kirioh Got mine at MP Shah Hospital Vaccination center. Took minutes. Walk in there. #PataChanjoKe,mwas_2,"Nairobi, Kenya",0,0
2021-08-29 11:18:30+00:00,1431939309498683397,#patachanjoke has info https://t.co/C0DKgMe9C1,idiskey,Nederland,0,0
2021-08-29 11:03:57+00:00,1431935650434064388,@kirioh Follow #patachanjoKE,MisterAlbie,"Washington, DC",1,1
2021-08-28 22:31:15+00:00,1431746227398393856,@DinToseef Very wonderful and caring nurses. I received my jab from them. #GetVaccinatedNow #COVID19Vaccine #PataChanjoKe,mwas_2,"Nairobi, Kenya",0,1
2021-08-28 19:13:03+00:00,1431696345912520712,"Lost momentum? 
Still only 2 counties (Nairobi 8.6% and Nyeri 6.3%) have vaccinated fully, more than 5% of their targeted population. Source:  https://t.co/tyUAA4Ej6J 
#PataChanjoKe https://t.co/oNsoJVlk78",WanjohiRG,"Lee's Summit, MO",1,1
2021-08-28 15:38:21+00:00,1431642316595400707,"It would be great for #Africa to start producing their own #COVID19Vaccine. Time is now. #VaccineInequality is so real. 
If you haven't had the jab go for it. This disease is so real.
#PataChanjoKe",mwas_2,"Nairobi, Kenya",0,3
2021-08-28 12:04:10+00:00,1431588415267647489,"please vaccinate

encourage pregnant women you know to vaccinate

same applies for breastfeeding too
 
it's absolutely right to be wary where babies are concerned, but the actual evidence is now clear - and COVID can be deadly

#PataChanjoKE ğŸ’ªğŸ¾ğŸ’‰ https://t.co/TQcJIJy6vg",covid_kenya,"Nairobi, Kenya",1,2
2021-08-28 10:30:53+00:00,1431564938946957312,Get COVID-19 vaccines at these 41 public hospitals in Nairobi #PataChanjoKE  https://t.co/Dq67liqPOq,Wamathai,Kenya,1,0
2021-08-28 10:07:00+00:00,1431558928261947392,"So I always try harder yet hawa majamaa wa Wash Wash wanapata rahisi earth is hard yawağŸ¤— Anyway wacha nitosheke na kidogoğŸ˜‰

WILL NOT EXPLAIN NGONG Alafu #Patachanjoke #jalango Edgar obare Wash Wash https://t.co/9ewqPN51nJ",barbardecor,"Nairobi, Kenya",62,298
2021-08-28 08:33:14+00:00,1431535330180599808,why we say #PataChanjoKe ğŸ’ªğŸ¾ğŸ’‰ https://t.co/suVqKpUluo,dosima_org,still disgusted (Matt Hancock),0,0
2021-08-28 07:55:50+00:00,1431525918246416384,"I think if Kenya is provided with enough vaccines, they will have meet the threshold of the whole country or 70%  being vaccinated by end of the year. 
#PataChanjoKe",awilosman_,Mogadishu,0,0
2021-08-28 07:08:25+00:00,1431513987120828417,Anyone have info on the #PataChanjoKe mombasa facilities? Especially today for people held up at the hustle in the weekdays! TIA for any leads.,meshkelevra,,0,0
2021-08-28 06:48:49+00:00,1431509054556364801,Where can we get vaccinated in Mombasa? #PataChanjoKe,beatu2,London,0,0
2021-08-28 06:12:00+00:00,1431499788588040200,#PataChanjoKe https://t.co/ptThFvNq9D,wa_mutegi,"Nairobi, Kenya",0,1
2021-08-28 06:06:09+00:00,1431498316274094081,If you're around Parklands today #PataChanjoKe https://t.co/TdBnwgbhzg,_ngwata, ğŸ‡°ğŸ‡ª,6,3
2021-08-28 05:58:05+00:00,1431496288575574018,"@_ngwata and another few
 
hearing from multiple people that the process with APA at Apollo Centre is smooth ğŸ¤—
 
#PataChanjoKe ğŸ’ªğŸ¾ğŸ’‰
https://t.co/0w3WoSk68y https://t.co/JjLagYB7E5",covid_kenya,"Nairobi, Kenya",4,3
2021-08-28 05:51:20+00:00,1431494590272614404,"#PataChanjoKe 
Some of the vaccination drives running this weekend in Nairobi. https://t.co/kekP2SsG7u",_ngwata, ğŸ‡°ğŸ‡ª,72,29
2021-08-27 20:44:15+00:00,1431356912164032517,I got my #COVIDVaccination yesterday at MP Shah Hospital Vaccination center. Process took minutes. Smooth process with great staff. #PataChanjoKe,mwas_2,"Nairobi, Kenya",0,2
2021-08-27 14:37:18+00:00,1431264565304516619,"Thanks for this... took me less than 30min to get the jab,#patachanjoke https://t.co/ZCoALcBgkR",karegiann,Nairobi,4,2
2021-08-27 13:25:49+00:00,1431246575213367301,#PataChanjoKe https://t.co/KvNfOvGIOX,khamfred,Kenya,0,0
2021-08-27 12:48:47+00:00,1431237254089936900,#PataChanjoKe https://t.co/WvZHYHlUUy,Nukta_,Nairobi,18,4
2021-08-27 11:34:37+00:00,1431218591429505030,"#PataChanjoKe at Apollo Centre Westlands, both 1st and 2nd dose. Organized and pretty swift. https://t.co/aYmPL0qmU7 https://t.co/v5MWE9Yv4K",lilymutinda,,4,4
2021-08-27 11:26:42+00:00,1431216596958257152,#PataChanjoKe https://t.co/fQBgBzGp5j,Stan_Subru,Kenya,2,4
2021-08-27 11:24:41+00:00,1431216090168893447,#PataChanjoKe https://t.co/h9aT70GCjL,laureezyf,Afrique de l'Est,3,0
2021-08-27 10:46:30+00:00,1431206481723019266,Vaccination ongoing at Thika Sports Club. There's no queue #PataChanjoKe,thee_evans,Nairobi,0,1
2021-08-27 10:35:04+00:00,1431203604728360962,#PataChanjoKE https://t.co/mDS1aHCVS9,mougendi,"Nairobi, Kenya",3,1
2021-08-27 10:03:44+00:00,1431195717712941056,Kama unataka kuwa vaccinated chap chap go to NASCOP at KNH... No queue at all! #PataChanjoKe,phaniceherine,ğŸ€Kingdom,4,2
2021-08-27 10:00:42+00:00,1431194954278256642,@AndroDude And here as well https://t.co/pqlRNqBFqH #PataChanjoKe,Owuorson,,0,0
2021-08-27 09:38:40+00:00,1431189412021514240,@covid_kenya  Kiambu vaccination centers #PataChanjoKe https://t.co/HbcSPM0CXi,PennyKash,,11,5
2021-08-27 09:36:08+00:00,1431188773270867976,#PataChanjoKe https://t.co/zag2exU6Dt,MisterAlbie,"Washington, DC",1,2
2021-08-27 08:13:42+00:00,1431168028054593538,"Vaccination ongoing at MP Shah Hospital. No queue right now.

#PataChanjoKe",Onjerika,nairobi,25,17
2021-08-27 07:35:41+00:00,1431158460050182144,#PataChanjoKe https://t.co/j79kBzLNVi,TheAbikus,NAIROBI,1,0
2021-08-27 06:52:25+00:00,1431147573054672902,"APA Insurance - Apollo Centre
Parklands, Nairobi - this Fri+Sat

#PataChanjoKe ğŸ’‰ğŸ’ªğŸ¾ https://t.co/K8Fb01WtNa",covid_kenya,"Nairobi, Kenya",4,7
2021-08-27 06:44:38+00:00,1431145614218235908,#PataChanjoKe# @covid_kenya here's some information for anyone looking for a vaccine. https://t.co/i5rTTJMER4,N_youall,,0,1
2021-08-27 06:27:51+00:00,1431141388939300864,#PataChanjoKe https://t.co/MMMnQjWbnr,katenderu,Proud African. Arrogant Kenyan,0,1
2021-08-27 05:47:10+00:00,1431131153398996992,#PataChanjoKE https://t.co/E4ssUBNJDf,wa_mutegi,"Nairobi, Kenya",0,0
2021-08-27 05:44:15+00:00,1431130419903307778,#PataChanjoKe https://t.co/TCUv1JP58y,MisterAlbie,"Washington, DC",2,1
2021-08-27 05:37:11+00:00,1431128640046182400,"the mood of the public in Canada has turned
 
they are demanding better protections, seeing the awful impact of COVID - and wanting to finally get out of the pandemic, now vaccines offer a safe pathway
 
(this will happen in Kenya too)
 
#PataChanjoKe ğŸ’ªğŸ¾ğŸ’‰ https://t.co/jHvrH0v1YW",covid_kenya,"Nairobi, Kenya",0,0
2021-08-27 02:42:46+00:00,1431084747908947971,#PataChanjoKe https://t.co/dapFwXwRuN,laureezyf,Afrique de l'Est,0,0
2021-08-26 20:20:29+00:00,1430988541744582666,#PataChanjoKe https://t.co/r391e2QQ1d,wanza_,"Nairobi, Kenya",1,0
2021-08-26 19:32:14+00:00,1430976397930115078,"Real world data on AstraZeneca vaccine effectiveness (VE)

61 million Brazilian vaccinees Jan-June 2021

Overall, fully vaxxed, VE against 
Infection  = 70%
Hospitalization = 87%
ICU admission = 88%
Death = 90%

Lower for &gt;90 yrs 
#PataChanjoKe 
PRE-PRINT https://t.co/rUic34DfC1",jordankyongo,"Nairobi, Kenya",2,0
2021-08-26 18:45:10+00:00,1430964554171813888,#PataChanjoKe https://t.co/sUFgdtHrfC,dnkariuki,Nairobi,2,3
2021-08-26 17:38:15+00:00,1430947713860972550,"Due to lack of info by GoK through @MOH_Kenya on Covid19 vaccine availability points, Kenyans are now using #PataChanjoKE to inform others on vaccine availability https://t.co/leavbOS7rS",mmnjug,KE,11,7
2021-08-26 17:37:59+00:00,1430947649281220612,#PataChanjoKe https://t.co/fiTqUqHD4F,MisterAlbie,"Washington, DC",0,1
2021-08-26 17:09:52+00:00,1430940569757491203,"Descriptives:
Still only 2 counties (Nairobi 8.5% and Nyeri 6.3%) have vaccinated fully, more than 5% of their targeted population. Source:  https://t.co/tyUAA4Ej6J 
#PataChanjoKe https://t.co/2DMS5FY6Kb",WanjohiRG,"Lee's Summit, MO",0,0
2021-08-26 16:48:24+00:00,1430935169977012227,"#PataChanjoKe ğŸ’‰ğŸ’ªğŸ¾

it costs peanuts ğŸ¥œğŸ˜œ https://t.co/1ZbY6jRbVz",covid_kenya,"Nairobi, Kenya",1,0
2021-08-26 14:58:19+00:00,1430907466322124808,@EphraimNgugi @majau_k @mama_champagne #PataChanjoKe,nevvi56,outside,0,1
2021-08-26 14:54:32+00:00,1430906512772198401,@rfmofficialke @DigiRedio @MOH_DHP @CBCC_Africa @UNICEFKenya Letâ€™s give our kids adequate information on the various ways they can keep safe especially the most basic; hand washing and wearing a mask at all times. #PataChanjoKe #PataChanjoKaaChonjo,jesse_thaiya,,0,1
2021-08-26 14:20:59+00:00,1430898071752216583,"Kenyans are sharing vaccine information their government wonâ€™t provide

Kenyans on Twitter are addressing this challenge using hashtags including #PataChanjoKE (â€œpata chanjoâ€ is Swahili for â€œget a vaccineâ€). 

- @CarlosMureithi 
https://t.co/Y9heIJ0eUH",covid_kenya,"Nairobi, Kenya",1,0
2021-08-26 12:49:25+00:00,1430875026316800002,#PataChanjoKe https://t.co/eZVLE5egvu,gishungwa,,2,0
2021-08-26 11:39:23+00:00,1430857400605622276,Got my covid jab at LAâ€™s Langata Health Center. No queue and the staff are friendly and helpful when it comes to registering #PataChanjoKe,HamK_,Chill Spot,0,0
2021-08-26 10:06:51+00:00,1430834114886836226,"@kimarikenneth @harnie_black https://t.co/mHz8KFooBi checked yesterday, vaccination ongoing . Go by 8am #vax4capo  #PataChanjoKe",capoKenn,"Nairobi, Kenya",0,1
2021-08-26 08:39:51+00:00,1430812220154335232,#PataChanjoKe https://t.co/fy0YjpeDlv,mwiriginkaabu,"Nairobi, Kenya",0,0
2021-08-26 07:53:28+00:00,1430800547595042819,#PataChanjoKe https://t.co/Nw61uciun2,wa_mutegi,"Nairobi, Kenya",0,0
2021-08-26 07:49:53+00:00,1430799646566326273,@bintiswahiliya Try looking at #PataChanjoKe,OlindPaul,,0,0
2021-08-26 06:53:00+00:00,1430785330685399041,#Patachanjoke https://t.co/1YpMPdujv3,khamfred,Kenya,0,0
2021-08-26 06:49:10+00:00,1430784365802491905,#PataChanjoKE https://t.co/3z9PeP838A,Shirley_Sein,"Nairobi, Kenya",2,0
2021-08-25 19:00:14+00:00,1430605956849750016,@WehliyeMohamed @RonnieOsumba #PataChanjoKe,Komboray,"Nairobi, Kenya.",0,0
2021-08-25 17:32:55+00:00,1430583982513659910,@_Carolle__ Look through #PataChanjoKe,SupremeGREAM,"Nairobi, Kenya",0,0
2021-08-25 09:54:14+00:00,1430468554743324676,#PataChanjoKe https://t.co/R47cy7YwtE,kentmende,kenya,0,0
2021-08-25 09:43:19+00:00,1430465804835954691,#PataChanjoKe https://t.co/WUjfBKiP3i,mwiriginkaabu,"Nairobi, Kenya",0,1
2021-08-25 09:22:46+00:00,1430460633963765763,Vaccination ongoing at Kagwe and Ndarugu Tea Factories respectively. #PataChanjoKe,jumafaulu,Behind the scenes,4,0
2021-08-25 08:52:32+00:00,1430453024430952451,Got the jab process is very fast at @LionsSightfirst #PataChanjoKe https://t.co/COiigMaEVp,Eryko_,"|NY| Nairobi, Kenya",2,0
2021-08-25 08:21:18+00:00,1430445166704345089,Aye Ninjas and Ninjarettes... Bright day to #GetTheJab... #PataChanjoKe https://t.co/Lt1WskNhH7,Gichy_,Hacienda Heights ,0,0
2021-08-25 08:05:32+00:00,1430441199433879556,Anti-vaxers got a new revelation on Covid19  #PataChanjoKe #antivaxxers #antivaxxers #AntiVaccine #antivaxers @MOH_Kenya @DrMercyHealth @WHO @Amref_Worldwide https://t.co/IzuDvq8VTU,Mouchieee,Nairobi,0,0
2021-08-25 07:09:38+00:00,1430427129813127172,@MissWaitiki #PataChanjoKe,Komboray,"Nairobi, Kenya.",0,0
2021-08-25 06:09:15+00:00,1430411933220540416,I got my Covid_19 vaccine jab today. I convinced my taxi/ Bolt driver to get a shot. I was first in line and he was second. By 8am we were both vaccinated. He gave me a free ride back home #PataChanjoKE @MOH_Kenya https://t.co/80wReynLyQ,DawaLee,"Nairobi, Kenya",2,15
2021-08-25 05:22:00+00:00,1430400041672454148,"Kenya is at around 3%
 
much much lower in rural areas
 
this isn't over by a long way - in some ways it could be just beginning âš°ï¸ğŸ“ˆ
 
mask, distance and
#PataChanjoKE ğŸ‘‡ğŸ¾ğŸ’‰ https://t.co/gSEoxCtD8E",covid_kenya,"Nairobi, Kenya",5,5
2021-08-24 18:44:25+00:00,1430239590632333316,"Getting above 80K doses a day is a good trend....
Keep up @MOH_Kenya 
#PataChanjoKe https://t.co/OaMtcvOXsf",WanjohiRG,"Lee's Summit, MO",0,1
2021-08-24 18:38:21+00:00,1430238061770821634,"I got my second vaccine from Aga Khan Hospital in Parklands.
They were super efficient. You need to book an appointment but we went through the whole process in less than an hour.
#PataChanjoKe",e_masitsa,,15,45
2021-08-24 16:01:34+00:00,1430198609266548738,"This week my family is burying 3 people, whose death is caused by Covid-19, my village is burying 6. Please get vaccinated or as mum is telling everyone ""dungwa shidano, tuongee ikiwa kwa mwili"" #PataChanjoKe",DrShikoh,"Mostly Nairobi, Kenya",1,1
2021-08-24 15:45:13+00:00,1430194491483361283,mask up and #PataChanjoKE ğŸ’ªğŸ¾ğŸ’‰ https://t.co/1HJweO6WuW,covid_kenya,"Nairobi, Kenya",0,2
2021-08-24 12:59:12+00:00,1430152714416234499,"we're in a surging wave right now, and these numbers probably underestimate the true size of it
 
#PataChanjoKE ğŸ’‰ğŸ’ªğŸ¾ğŸ‘‡ğŸ¾ https://t.co/p36TP3mcpc",covid_kenya,"Nairobi, Kenya",5,5
2021-08-24 11:39:52+00:00,1430132746538700806,#PataChanjoKe https://t.co/zOzwRxVvak,_ngwata, ğŸ‡°ğŸ‡ª,3,0
2021-08-24 10:36:31+00:00,1430116806036017154,"So when someone says that a fully vaccinated person died of covid and doctors day it could have been worse, ask yourself how peaceful the death was and how much painful it would have been. Either #PataChanjoKe ama forever hold your misconceptions.",bob_gikks,,0,0
2021-08-24 08:40:31+00:00,1430087614401548288,#PataChanjoKe https://t.co/etVZGMe7cf,MonyqueXO,"Nairobi, Kenya",1,2
2021-08-24 08:34:44+00:00,1430086158961233950,"Update, in just 40 mins. They are back in the office with the jab already. We are now influencing our boss to #PataChanjoKe ğŸ˜ https://t.co/LoYjnN8X5Z",Stan_Subru,Kenya,1,1
2021-08-24 07:52:52+00:00,1430075621036675083,#PataChanjoKe https://t.co/U1dd5RY2zL,laureezyf,Afrique de l'Est,1,0
2021-08-24 07:52:05+00:00,1430075424546115607,Two of my colleagues just left for the AZ jab at Machakos Level 5 Hospital. Let's see how long it takes. #PataChanjoKe,Stan_Subru,Kenya,0,1
2021-08-24 07:41:59+00:00,1430072881480937475,Niliskia Nyeri sasa shida ingine ni mortuary zimejaa juu ya hii Covid-19 virus. Nothing is too sure in this world but it is safer when you have the jab than without. #PataChanjoKe,Stan_Subru,Kenya,1,1
2021-08-24 07:37:03+00:00,1430071641942470656,#PataChanjoKe https://t.co/6I4X7RNkOX,_Koosy,kenya,1,1
2021-08-24 07:24:02+00:00,1430068364295168002,#PataChanjoKe https://t.co/yWAGiljcP4,mwiriginkaabu,"Nairobi, Kenya",0,0
2021-08-24 06:31:09+00:00,1430055058100695043,#PataChanjoKE https://t.co/9Ykd6pIZgK,Miss_Patriciah,"Nairobi, Kenya",0,0
2021-08-24 06:23:03+00:00,1430053020772053023,"Vaccination O'clock. 
@ St. Jude's Hospital, Gatundu. 

#PataChanjoKE",Miss_Patriciah,"Nairobi, Kenya",12,8
2021-08-24 06:11:48+00:00,1430050186190106646,#PataChanjoKe https://t.co/pZDS0l3c8S,_ngwata, ğŸ‡°ğŸ‡ª,2,0
2021-08-24 04:53:56+00:00,1430030592230535168,The government has provided guidelines to schools to ensure that the students are safe in schools. Teachers ensure that the students follow the personal protective measures. @DigiRedio @MOH_Kenya @kamadiamata #MakalaYaTumaini #TumainiHewani #PataChanjoKe #PataChonjoKaaChonjo,MtaaniRadio,Kivuli centre kabiria,0,1
2021-08-24 04:53:24+00:00,1430030456867672064,Lack of education has a negative effect in the development of a country and leads to other social So it is important for children to continue learning despite the pandemic. @DigiRedio @MOH_Kenya @kamadiamata #MakalaYaTumaini #TumainiHewani #PataChanjoKe #PataChonjoKaaChonjo,MtaaniRadio,Kivuli centre kabiria,0,1
2021-08-24 04:43:54+00:00,1430028068010266627,"Why should children continue going to school even during the covid 19 pandemic?
@DigiRedio @MOH_Kenya @kamadiamata #MakalaYaTumaini #TumainiHewani #PataChanjoKe #PataChonjoKaaChonjo https://t.co/UuBehthNcA",MtaaniRadio,Kivuli centre kabiria,0,2
2021-08-24 04:43:36+00:00,1430027990851678210,Guys it is a bright calm day to #GetTheJab ... #PataChanjoKe .... https://t.co/nC2e63iHRT,Gichy_,Hacienda Heights ,0,2
2021-08-23 19:25:51+00:00,1429887628690829318,#PataChanjoKE https://t.co/D14pLhtVbt,jumafaulu,Behind the scenes,0,0
2021-08-23 18:02:15+00:00,1429866592700182530,The best vaccine is the one in your arm! #PataChanjoKe,DrShikoh,"Mostly Nairobi, Kenya",0,5
2021-08-23 17:38:27+00:00,1429860601258516483,how #PataChanjoKE works ğŸ’ªğŸ¾ğŸ’‰ https://t.co/eD5aQ92Pev,covid_kenya,"Nairobi, Kenya",1,5
2021-08-23 16:41:17+00:00,1429846215387238402,#PataChanjoKe,kenyancyborg,curfew and lockdown,0,0
2021-08-23 16:09:32+00:00,1429838224738955273,"this webinar from @daktari1 and @Amref_Kenya is just beginning
 
every time there is a pandemic we must react quickly, like if there was a fire in your house
 
for authoritative information, do tune in - or catch up later - and share
 
#PataChanjoKe ğŸ’‰ğŸ’ªğŸ¾

https://t.co/cCOmhack23",covid_kenya,"Nairobi, Kenya",3,2
2021-08-23 15:31:15+00:00,1429828589839601672,#PataChanjoKe cc @SeweS_ https://t.co/xnAsbpUh1I,mmnjug,KE,0,1
2021-08-23 14:38:09+00:00,1429815226019504132,#PataChanjoKE ğŸ’ªğŸ¾ğŸ’‰ please https://t.co/XVamddQzuP,covid_kenya,"Nairobi, Kenya",0,1
2021-08-23 13:58:51+00:00,1429805336202985484,"#PataChanjoKe  The 80,460 Moderna vaccines received in Kenya from the US government. @WHOKenya The best vaccine is the first one that is offered to you it's not about the brands. #VaccineEquity #COVID19 #CovidVaccine 
@WHOKenya @UNICEFKenya @MOH_Kenya @USEmbassyKenya https://t.co/PUezUF4C0K",Aidah_munzatsi,"Nairobi,kenya",0,1
2021-08-23 13:07:38+00:00,1429792445844402177,"#PataChanjoKE ğŸ’ªğŸ¾ğŸ’‰
 
Rwanda is doing well, South Africa has also widened it's vaccination programme, we now have more doses landing in Kenya... https://t.co/OJXN9IwSYd",covid_kenya,"Nairobi, Kenya",1,0
2021-08-23 12:50:51+00:00,1429788225372045312,#PataChanjoKe https://t.co/BdjkWymT0H,laureezyf,Afrique de l'Est,3,1
2021-08-23 09:56:39+00:00,1429744387269988355,Where can one get the vaccine tomorrow? Which facilities are still offering? Please share below #PataChanjoKE,Shirley_Sein,"Nairobi, Kenya",4,1
2021-08-23 09:47:32+00:00,1429742089668026373,"V for Vaccinated. 

Coptic Hospital is well lit. The exercise took less than 10 minutes 

#PataChanjoKE https://t.co/VznQqPnDqg",dnahinga,@Ujenzibora #HoS 0720578632,11,25
2021-08-23 08:05:31+00:00,1429716418485002242,"I hear we're waiting for Moderna, Pfizer and Johnson... But guys, you know the doses we have received of these will not be enough to vaccinate even just Nairobi, right? Meanwhile you're ""HOPING"" not to have an encounter with delta variant... salala...#PataChanjoKe",Onjerika,nairobi,0,6
2021-08-23 08:02:04+00:00,1429715548535930881,"J. H. F. Christ
 
anyway #PataChanjoKE ğŸ‘‡ğŸ¾ğŸ’‰ https://t.co/pfce6LW2q8",dosima_org,still disgusted (Matt Hancock),0,3
2021-08-23 06:55:36+00:00,1429698821957853189,"Kenyan microchips are
#PoweredByKPLC âœ¨ğŸ˜‹

#PataChanjoKe ğŸ’‰ğŸ’ªğŸ¾ğŸ”Œ https://t.co/Wh3KowlsYh",covid_kenya,"Nairobi, Kenya",2,6
2021-08-23 06:37:40+00:00,1429694311365595136,"COVID-19 does this to brain cells
 
the pandemic and the infodemic

#PataChanjoKE ğŸ’‰ğŸ’ªğŸ¾ğŸš¨ https://t.co/L0naanuhqC",covid_kenya,"Nairobi, Kenya",1,0
2021-08-23 05:55:02+00:00,1429683582382092296,#PataChanjoKE https://t.co/zB8ErClRFT,wa_mutegi,"Nairobi, Kenya",0,0
2021-08-23 04:39:49+00:00,1429664650153668610,"#PataChanjoKE ğŸ’‰ğŸ’ªğŸ¾
we recommend you get any approved vaccine you can, quickly, rather than shop around for a specific one
 
millions of people have taken all of them - they are very safe

@QhalaHQ/@CEMA_Africa are updating vaccine locations across Kenya
ğŸ‘‡ğŸ¾
https://t.co/wngBF4T423 https://t.co/AMH8mU9mMP https://t.co/XupIlRgai3",covid_kenya,"Nairobi, Kenya",9,17
2021-08-23 04:22:03+00:00,1429660181248552962,"Go and #patachanjoke #VaccineEquity 
Kenya has received Over 880,000 doses of the Moderna #COVID19 this morning donated by the United States Government via the #COVAX facility. This is the first time Moderna vaccines are received in Kenya.@MOH_Kenya @UNICEFKenya @WHOKenya https://t.co/0qkmrmsPXo",Aidah_munzatsi,"Nairobi,kenya",4,8
2021-08-22 18:47:55+00:00,1429515694325080066,"An ounce of prevention is worth a pound of cure. Since there ain't no cure, take the ounce...or you may bounce. #PataChanjoKe https://t.co/iyDrhSXh9j",WavLuv,"Nairobi, Kenya",0,3
2021-08-22 13:55:54+00:00,1429442205656223750,"A quick reminder, please register to get vaccinated RIGHT NOW on https://t.co/gEQMUoz5WT while it's not crashing or overloaded so that when you visit Mon-Fri, you simply go straight to the verification officer and be out in 15mins max
#patachanjoke
#kot
#TheFeministChurch https://t.co/LEgiSEYGi4",Cryptonait,"Nairobi, Kenya",0,0
2021-08-22 10:09:57+00:00,1429385345213284357,#PataChanjoKe pale CITAM Woodley vaccination is ongoing. Just took a member of my household huko and we were done in less than 20min! Love their organization and friendliness!,SheilaSewe,"Nairobi, Kenya",0,0
2021-08-22 07:57:13+00:00,1429351940857663489,#PataChanjoKe the science bit ğŸ’ªğŸ¾ğŸ’‰ https://t.co/HxKb0Kiehx,covid_kenya,"Nairobi, Kenya",4,5
2021-08-22 07:54:11+00:00,1429351179574730756,"Kenya will on Monday receive some 880,000 doses of Moderna vaccines from the  US government. The consignment is scheduled to arrive at JKIA at 6.15am. #PataChanjoKe https://t.co/bpN7VOtOXb",OliverMathenge,"Nairobi, Kenya",37,118
2021-08-22 04:52:00+00:00,1429305330312306692,"#PataChanjoKE ğŸ‘‡ğŸ¾ğŸ’‰ğŸ’ªğŸ¾
 
we're seeing another batch of vaccines arrive this week, 780,000 Kenyans are now fully vaccinated (2.9%) but mostly in a few urban pockets
 
frustration with curfews and unforgivably brutal, lethal colonial policing, is also growingâ€¦
 
8pm tonight
join us https://t.co/FPgciJbid4 https://t.co/z5FsoP4hGN",covid_kenya,"Nairobi, Kenya",6,12
2021-08-21 22:19:33+00:00,1429206567593840649,"@covid_kenya @QhalaHQ @CEMA_Africa 1. You're using a corrupted image of the coat of arms of Kenya.

Respect our national symbol. It shouldn't be hard to find the correct one.

2. #PataChanjoKe is premature. The data says ""WAIT! CAUTION!""

#NoVaccineApartheid
#NoVaccineMandates 
#NoVaccinePassportsAnywhere https://t.co/gTDdHSDHdV",DescentIncan,,0,0
2021-08-21 18:53:16+00:00,1429154653585952775,"Some descriptives.
Only 2 counties (Nairobi 8.4% and Nyeri 6.3%) have vaccinated fully, more than 5% of their targeted population. Source:  https://t.co/d8UYjGpJcl 
#PataChanjoKe https://t.co/T9lKOUiZcB",WanjohiRG,"Lee's Summit, MO",1,2
2021-08-21 17:31:30+00:00,1429134076519362560,@ijumaaaaa #PataChanjoKe,TheMaxyNe,box,0,0
2021-08-21 14:11:15+00:00,1429083681281527812,Good to see churches taking an active role in getting people vaccinated. #HarARMbee #PataChanjoKE https://t.co/cGY91HE3LJ,mougendi,"Nairobi, Kenya",22,42
2021-08-21 11:54:03+00:00,1429049154895032320,#PataChanjoKe https://t.co/3pJaNUQJBr,bellelinde,Kajiado,3,0
2021-08-21 11:28:16+00:00,1429042663802736644,Got my 1st jab today at CITAM Woodley #PataChanjoKe https://t.co/w6dih0jObg,leebrx2,"East Africa, WFH",1,1
2021-08-21 10:50:25+00:00,1429033141864435717,#PataChanjoKe https://t.co/VGCHIyV9xc,wa_mutegi,"Nairobi, Kenya",1,0
2021-08-21 10:24:32+00:00,1429026626491277313,#PataChanjoKE ğŸ’ªğŸ¾ğŸ’‰ our lips are sealed ğŸ˜¹ğŸ™Š https://t.co/Awp48djFb5,dosima_org,still disgusted (Matt Hancock),0,2
2021-08-21 10:19:41+00:00,1429025405214789636,#PataChanjoKE ğŸ’ªğŸ¾ğŸ’‰ğŸ˜· https://t.co/MXyhF059Df,dosima_org,still disgusted (Matt Hancock),0,1
2021-08-21 09:09:43+00:00,1429007799275638786,"Please consult this regularly updated list from @QhalaHQ and @CEMA_Africa  for updated vaccine locations across Kenya
 
We're pooling our efforts to amplify this, #HARarmBEE style, since fragmented old data is unhelpful
 
help Kenyans #PataChanjoKe ğŸ’‰ğŸ’ªğŸ¾
ğŸ‘‡ğŸ¾
https://t.co/wngBF4T423 https://t.co/UVCX2qZXpe",covid_kenya,"Nairobi, Kenya",15,11
2021-08-21 05:10:04+00:00,1428947488535351296,"#PataChanjoKe ğŸ’‰ğŸ’ªğŸ¾
 
take care of your mob, your Elders
 
selfish individualism is Western
 
Ubuntu is to be truly human https://t.co/LvQoiazCBc",dosima_org,still disgusted (Matt Hancock),0,2
2021-08-20 19:05:04+00:00,1428795237120479239,"today years old when I first heard of a health provider called @AsanteHs in Oregon, USA
 
also #PataChanjoKe ğŸ’‰ğŸ’ªğŸ¾ wherever you are 

we're not safe until we are all safe https://t.co/32d28x4GXf",covid_kenya,"Nairobi, Kenya",0,0
2021-08-20 16:18:48+00:00,1428753394634797062,#PataChanjoKE ğŸ’ªğŸ¾ğŸ’‰ğŸ’ https://t.co/SqaQoPZ3Pi,covid_kenya,"Nairobi, Kenya",2,1
2021-08-20 12:02:17+00:00,1428688839825149958,#PataChanjoKe ğŸ’ªğŸ¾ğŸ’‰ https://t.co/4W43rF5lZX,covid_kenya,"Nairobi, Kenya",1,0
2021-08-20 11:56:40+00:00,1428687424734089225,"#PataChanjoKE ğŸ’ªğŸ¾ğŸ’‰

one hundred and fifty thousand reasons to do so, enumerated below... ğŸ’¸â˜ ï¸ https://t.co/8p8WK0tuon",covid_kenya,"Nairobi, Kenya",1,3
2021-08-20 10:55:56+00:00,1428672141751463939,Najua ni wimbo but yeah #COVID19 is really hitting people hard. Pesa ya matanga nimetuma  ya hii mwezi imekaribia rent yangu and it's not just right... Stay safe and take care #PataChanjoKe,Amacheez,Buju city Kikuyu,4,4
2021-08-20 09:41:54+00:00,1428653510028050445,"Iâ€™d really appreciate a response to this!?
@rfmofficialke @MOH_Kenya @DigiRedio @MOH_DHP #makalayatumaini #PataChanjoKe https://t.co/Wa5Ub3m83G",jesse_thaiya,,0,1
2021-08-20 09:07:40+00:00,1428644893493182468,#PataChanjoKe https://t.co/Pt3zp6RGhk,mwiriginkaabu,"Nairobi, Kenya",1,0
2021-08-20 09:06:54+00:00,1428644700420968451,"Quick process @thenairobihosp. Booked online at  https://t.co/kZXijSjPZq, got a 12.00 slot for today. Was there by 11.40. Done by noon.  #PataChanjoKe",fred_muya,"Nairobi, Kenya",1,2
2021-08-20 08:52:45+00:00,1428641139716931592,#PataChanjoKE Parklands ğŸ’ªğŸ¾ğŸ’‰ https://t.co/adPLITh4Qn,covid_kenya,"Nairobi, Kenya",0,0
2021-08-20 07:18:54+00:00,1428617524023865351,"@DigiRedio @MOH_Kenya @MOH_DHP @UNICEFKenya @rfmofficialke , #PataChanjoKe",jesse_thaiya,,0,1
2021-08-20 07:18:41+00:00,1428617466389925892,#PataChanjoKe https://t.co/qEniMihVbm,_ngwata, ğŸ‡°ğŸ‡ª,3,1
2021-08-20 07:18:20+00:00,1428617378020184065,"Aga Khan have opened for vaccination today. The opened at 8am and they seem to have quite an order today. Arrived at 7:45am on the queue, out at 10:15am. #PataChanjoKe",eugineprince,.,19,6
2021-08-20 07:11:02+00:00,1428615541879681037,AKUH's Friday (today) slot seems to have has opened up. #PataChanjoKe https://t.co/YRciBB2Rqi,_ngwata, ğŸ‡°ğŸ‡ª,6,2
2021-08-20 07:09:14+00:00,1428615091335929858,"Don't forget. There are two covid vaccine drives in Nairobi tomorrow, Sunday and Monday advice, get there very early or later in the day. Plan for at least a 2 hour wait. Bring a foldable chair. Charge your phone to maximum. Purpose ku #PataChanjoKe No matter what. https://t.co/cA0av36TSU",Onjerika,nairobi,24,8
2021-08-20 06:24:50+00:00,1428603917261234178,"Have you been vaccinated ama unangoja ujaribu Kaluma?

#PataChanjoKE",dnahinga,@Ujenzibora #HoS 0720578632,2,4
2021-08-20 05:36:45+00:00,1428591816895569923,"#PataChanjoKE ğŸ’ªğŸ¾ğŸ’‰
 
then all you'll have to worry about is money and the police ğŸ˜³ğŸ˜­ but every little helps https://t.co/88U1KkWoeu",covid_kenya,"Nairobi, Kenya",1,0
